Index,Rainfall,Temperature,Year, Month, Country
1,63.677986,28.13595,1990,1,AUS
2,40.602253,26.433466,1990,2,AUS
3,63.664253,26.274445,1990,3,AUS
4,43.35627,21.93287,1990,4,AUS
5,35.307415,18.793612,1990,5,AUS
6,21.905529,14.581926,1990,6,AUS
7,26.438396,14.780734,1990,7,AUS
8,21.470606,15.491857,1990,8,AUS
9,15.80864,18.937801,1990,9,AUS
10,17.580105,22.784178,1990,10,AUS
11,15.413109,26.51685,1990,11,AUS
12,44.718105,27.789509,1990,12,AUS
13,135.832,27.981165,1991,1,AUS
14,117.9849,27.677359,1991,2,AUS
15,17.251772,25.561071,1991,3,AUS
16,18.095598,22.22433,1991,4,AUS
17,16.86746,18.422178,1991,5,AUS
18,31.605362,16.809235,1991,6,AUS
19,26.3335,14.730057,1991,7,AUS
20,18.778418,16.169878,1991,8,AUS
21,15.419629,19.538265,1991,9,AUS
22,9.431546,23.876629,1991,10,AUS
23,29.537338,25.06531,1991,11,AUS
24,40.46766,26.470175,1991,12,AUS
25,42.116917,27.193777,1992,1,AUS
26,79.58338,27.243198,1992,2,AUS
27,33.02135,26.316288,1992,3,AUS
28,31.10831,22.639523,1992,4,AUS
29,32.94492,18.351208,1992,5,AUS
30,22.500994,15.298709,1992,6,AUS
31,15.397385,14.838796,1992,7,AUS
32,27.559717,15.985469,1992,8,AUS
33,24.886627,18.632406,1992,9,AUS
34,24.92986,21.670738,1992,10,AUS
35,31.025787,23.65604,1992,11,AUS
36,49.950546,26.049091,1992,12,AUS
37,90.197815,28.051142,1993,1,AUS
38,114.453064,26.674908,1993,2,AUS
39,30.037073,25.453756,1993,3,AUS
40,10.318636,23.096325,1993,4,AUS
41,24.296093,18.613174,1993,5,AUS
42,23.191525,14.87236,1993,6,AUS
43,28.217709,15.1195965,1993,7,AUS
44,19.608143,16.46948,1993,8,AUS
45,24.133995,18.943827,1993,9,AUS
46,26.751904,21.729494,1993,10,AUS
47,31.258224,25.424397,1993,11,AUS
48,61.604137,25.96362,1993,12,AUS
49,43.867928,28.245249,1994,1,AUS
50,99.32115,26.829758,1994,2,AUS
51,49.776398,24.56435,1994,3,AUS
52,11.489209,21.776861,1994,4,AUS
53,14.806852,18.403906,1994,5,AUS
54,19.26008,15.168653,1994,6,AUS
55,13.717644,14.572128,1994,7,AUS
56,14.56296,15.506686,1994,8,AUS
57,11.899437,19.16915,1994,9,AUS
58,17.52731,22.87736,1994,10,AUS
59,25.292784,25.110064,1994,11,AUS
60,46.59815,27.494503,1994,12,AUS
61,99.74068,27.639853,1995,1,AUS
62,93.8959,26.447567,1995,2,AUS
63,63.609203,24.529692,1995,3,AUS
64,25.07918,21.15283,1995,4,AUS
65,30.014828,17.534924,1995,5,AUS
66,25.24075,15.419629,1995,6,AUS
67,24.097353,14.538762,1995,7,AUS
68,12.749255,16.983383,1995,8,AUS
69,19.062992,19.954155,1995,9,AUS
70,27.011486,22.206587,1995,10,AUS
71,38.81612,25.226482,1995,11,AUS
72,50.53148,26.137106,1995,12,AUS
73,73.172356,27.602682,1996,1,AUS
74,45.638596,27.138165,1996,2,AUS
75,65.65353,25.296291,1996,3,AUS
76,37.1141,21.559881,1996,4,AUS
77,21.306355,18.262264,1996,5,AUS
78,29.852398,16.913307,1996,6,AUS
79,32.947105,14.979378,1996,7,AUS
80,25.048891,16.368454,1996,8,AUS
81,24.959814,19.505527,1996,9,AUS
82,23.635254,22.760311,1996,10,AUS
83,21.977425,24.885668,1996,11,AUS
84,74.79116,26.538198,1996,12,AUS
85,112.18911,26.994473,1997,1,AUS
86,100.04796,27.608805,1997,2,AUS
87,41.225883,24.561768,1997,3,AUS
88,8.515657,21.913372,1997,4,AUS
89,32.18722,17.714,1997,5,AUS
90,17.032837,14.871864,1997,6,AUS
91,14.793942,13.494174,1997,7,AUS
92,19.166103,15.673221,1997,8,AUS
93,23.7762,19.94568,1997,9,AUS
94,20.268785,22.766832,1997,10,AUS
95,27.892155,25.54108,1997,11,AUS
96,77.288345,27.360346,1997,12,AUS
97,80.055016,28.18805,1998,1,AUS
98,71.907776,28.033731,1998,2,AUS
99,48.67822,26.28143,1998,3,AUS
100,42.21281,22.175638,1998,4,AUS
101,24.86925,19.186693,1998,5,AUS
102,31.602283,15.539093,1998,6,AUS
103,30.070538,14.366667,1998,7,AUS
104,25.0285,17.222906,1998,8,AUS
105,24.505495,20.053724,1998,9,AUS
106,24.920755,22.85379,1998,10,AUS
107,44.79798,24.846575,1998,11,AUS
108,72.349884,26.592419,1998,12,AUS
109,84.81361,28.503143,1999,1,AUS
110,103.62628,26.695232,1999,2,AUS
111,83.701225,25.529263,1999,3,AUS
112,37.080467,20.780966,1999,4,AUS
113,25.029228,18.911388,1999,5,AUS
114,21.31847,15.404436,1999,6,AUS
115,21.31503,14.795796,1999,7,AUS
116,19.168785,16.52274,1999,8,AUS
117,17.014599,20.210758,1999,9,AUS
118,30.505396,22.697453,1999,10,AUS
119,45.19424,23.371864,1999,11,AUS
120,70.696556,25.473385,1999,12,AUS
121,68.05074,26.571102,2000,1,AUS
122,133.29306,26.747171,2000,2,AUS
123,83.65749,24.918074,2000,3,AUS
124,44.572258,21.430387,2000,4,AUS
125,23.797054,16.592785,2000,5,AUS
126,19.186892,14.139059,2000,6,AUS
127,19.309235,14.824231,2000,7,AUS
128,20.814333,15.784807,2000,8,AUS
129,16.136942,20.572294,2000,9,AUS
130,32.62827,21.796028,2000,10,AUS
131,39.214897,25.055048,2000,11,AUS
132,63.355976,26.488876,2000,12,AUS
133,63.53042,28.481531,2001,1,AUS
134,104.64191,27.146542,2001,2,AUS
135,79.55905,24.197418,2001,3,AUS
136,21.872326,21.796888,2001,4,AUS
137,25.18964,17.398312,2001,5,AUS
138,21.425755,15.590665,2001,6,AUS
139,21.038364,14.441576,2001,7,AUS
140,19.706554,15.852797,2001,8,AUS
141,18.767925,19.769215,2001,9,AUS
142,27.414465,21.09434,2001,10,AUS
143,39.38815,24.162165,2001,11,AUS
144,45.477093,25.680933,2001,12,AUS
145,63.711517,27.251373,2002,1,AUS
146,100.40388,25.935486,2002,2,AUS
147,35.19795,25.367395,2002,3,AUS
148,19.1572,23.404337,2002,4,AUS
149,17.4761,19.143198,2002,5,AUS
150,22.262363,15.295763,2002,6,AUS
151,14.923767,14.638397,2002,7,AUS
152,16.667229,16.01357,2002,8,AUS
153,16.555477,19.871367,2002,9,AUS
154,13.604469,23.206884,2002,10,AUS
155,25.629858,26.134027,2002,11,AUS
156,39.605095,27.38974,2002,12,AUS
157,75.41076,28.159084,2003,1,AUS
158,103.99156,27.65601,2003,2,AUS
159,33.669083,24.736908,2003,3,AUS
160,25.60728,22.513737,2003,4,AUS
161,20.11814,18.835783,2003,5,AUS
162,23.624628,15.769646,2003,6,AUS
163,20.01546,14.998543,2003,7,AUS
164,26.417578,16.22625,2003,8,AUS
165,15.299205,19.984608,2003,9,AUS
166,25.58676,21.790897,2003,10,AUS
167,25.217344,25.395763,2003,11,AUS
168,61.307182,27.431545,2003,12,AUS
169,102.335884,27.819561,2004,1,AUS
170,101.589836,27.568188,2004,2,AUS
171,55.46581,25.304302,2004,3,AUS
172,23.25978,22.656736,2004,4,AUS
173,22.83181,17.75677,2004,5,AUS
174,21.899204,15.619365,2004,6,AUS
175,19.998907,14.410494,2004,7,AUS
176,20.388382,15.658325,2004,8,AUS
177,17.864483,18.710659,2004,9,AUS
178,20.56296,23.925257,2004,10,AUS
179,32.13992,25.081297,2004,11,AUS
180,54.62787,26.993082,2004,12,AUS
181,66.262794,27.9427,2005,1,AUS
182,44.688316,27.494604,2005,2,AUS
183,32.23562,26.248295,2005,3,AUS
184,15.840019,24.211784,2005,4,AUS
185,21.6952,19.13522,2005,5,AUS
186,27.947037,15.897418,2005,6,AUS
187,19.75283,15.135783,2005,7,AUS
188,19.183847,16.07418,2005,8,AUS
189,20.970572,19.953394,2005,9,AUS
190,28.608044,23.292818,2005,10,AUS
191,32.78113,25.494108,2005,11,AUS
192,46.440186,27.34588,2005,12,AUS
193,123.34843,28.425455,2006,1,AUS
194,51.200794,27.194504,2006,2,AUS
195,82.96091,25.683712,2006,3,AUS
196,42.320557,21.016153,2006,4,AUS
197,14.310857,16.93267,2006,5,AUS
198,17.650944,13.783316,2006,6,AUS
199,22.412611,13.814763,2006,7,AUS
200,13.775868,16.64482,2006,8,AUS
201,17.566998,19.949156,2006,9,AUS
202,11.954584,23.339424,2006,10,AUS
203,21.102581,26.24823,2006,11,AUS
204,42.188812,26.47312,2006,12,AUS
205,89.488945,27.128138,2007,1,AUS
206,56.8471,28.167526,2007,2,AUS
207,85.15313,25.191395,2007,3,AUS
208,22.249752,22.440052,2007,4,AUS
209,22.93287,19.230057,2007,5,AUS
210,28.412348,13.323932,2007,6,AUS
211,19.463455,14.1952,2007,7,AUS
212,19.981165,16.569181,2007,8,AUS
213,14.61377,19.9475,2007,9,AUS
214,14.051572,23.212479,2007,10,AUS
215,37.752235,25.279179,2007,11,AUS
216,62.92678,26.259945,2007,12,AUS
217,70.86995,28.251705,2008,1,AUS
218,109.05005,26.1335,2008,2,AUS
219,41.110527,25.433994,2008,3,AUS
220,17.541807,21.268322,2008,4,AUS
221,14.177325,18.042171,2008,5,AUS
222,19.760742,15.679443,2008,6,AUS
223,27.073055,14.236876,2008,7,AUS
224,16.445845,14.820557,2008,8,AUS
225,17.723866,19.882126,2008,9,AUS
226,17.724297,23.544256,2008,10,AUS
227,42.32499,24.429361,2008,11,AUS
228,59.261566,26.325222,2008,12,AUS
229,122.903404,27.714233,2009,1,AUS
230,87.67779,27.059946,2009,2,AUS
231,28.999802,25.374477,2009,3,AUS
232,29.52615,22.012115,2009,4,AUS
233,21.183615,17.586693,2009,5,AUS
234,26.920324,15.246475,2009,6,AUS
235,19.236115,14.560112,2009,7,AUS
236,16.790203,17.705791,2009,8,AUS
237,19.253658,19.763226,2009,9,AUS
238,19.058887,22.429527,2009,10,AUS
239,29.83277,26.381329,2009,11,AUS
240,62.55581,27.22936,2009,12,AUS
241,111.68854,27.71845,2010,1,AUS
242,114.06819,27.262705,2010,2,AUS
243,62.767994,25.166557,2010,3,AUS
244,45.25346,22.629066,2010,4,AUS
245,32.417732,17.925735,2010,5,AUS
246,16.50663,14.92972,2010,6,AUS
247,29.0952,14.591769,2010,7,AUS
248,32.270638,15.46081,2010,8,AUS
249,44.807934,18.598333,2010,9,AUS
250,52.366882,21.509047,2010,10,AUS
251,63.414696,24.079523,2010,11,AUS
252,105.140396,25.760025,2010,12,AUS
253,112.52922,27.855877,2011,1,AUS
254,105.65532,26.14853,2011,2,AUS
255,125.09879,23.791052,2011,3,AUS
256,34.87495,21.267832,2011,4,AUS
257,21.619694,16.585531,2011,5,AUS
258,22.662214,14.475604,2011,6,AUS
259,24.1129,14.7420635,2011,7,AUS
260,19.194155,16.829294,2011,8,AUS
261,15.855487,19.078707,2011,9,AUS
262,34.062508,22.566982,2011,10,AUS
263,47.080925,25.08403,2011,11,AUS
264,69.36101,26.18269,2011,12,AUS
265,104.118515,27.356827,2012,1,AUS
266,79.124985,26.481058,2012,2,AUS
267,104.06604,24.105518,2012,3,AUS
268,27.308163,21.802973,2012,4,AUS
269,21.913618,17.435009,2012,5,AUS
270,31.202938,14.541542,2012,6,AUS
271,20.421978,13.818321,2012,7,AUS
272,12.325441,16.184292,2012,8,AUS
273,12.994121,19.993404,2012,9,AUS
274,13.078641,23.038471,2012,10,AUS
275,29.247875,26.108425,2012,11,AUS
276,46.22224,27.55196,2012,12,AUS
1,68.76667,20.836044,1990,1,ARG
2,65.88206,19.714672,1990,2,ARG
3,70.532295,17.06834,1990,3,ARG
4,70.3311,13.250239,1990,4,ARG
5,38.382378,9.928309,1990,5,ARG
6,24.195852,7.4594893,1990,6,ARG
7,20.982218,7.1358056,1990,7,ARG
8,19.952633,10.621133,1990,8,ARG
9,33.10311,10.6,1990,9,ARG
10,62.904865,15.560287,1990,10,ARG
11,60.816906,18.013956,1990,11,ARG
12,75.20422,19.43724,1990,12,ARG
13,75.31244,20.252632,1991,1,ARG
14,49.301197,19.514833,1991,2,ARG
15,63.81483,18.510447,1991,3,ARG
16,54.4004,14.616986,1991,4,ARG
17,44.253746,11.830382,1991,5,ARG
18,38.662437,8.14043,1991,6,ARG
19,26.55622,7.3631577,1991,7,ARG
20,21.995056,8.894019,1991,8,ARG
21,33.65064,12.248565,1991,9,ARG
22,47.99633,13.452951,1991,10,ARG
23,51.521534,16.914114,1991,11,ARG
24,100.391464,18.317144,1991,12,ARG
25,63.639473,20.445934,1992,1,ARG
26,72.89825,19.072727,1992,2,ARG
27,78.715225,18.226475,1992,3,ARG
28,58.362755,13.844019,1992,4,ARG
29,49.182854,10.265869,1992,5,ARG
30,40.10821,8.496572,1992,6,ARG
31,21.318102,5.161324,1992,7,ARG
32,26.943539,9.288916,1992,8,ARG
33,33.468662,11.302552,1992,9,ARG
34,50.644096,14.364752,1992,10,ARG
35,59.146492,15.980383,1992,11,ARG
36,91.89793,19.173445,1992,12,ARG
37,77.875755,20.538517,1993,1,ARG
38,33.237003,19.595455,1993,2,ARG
39,62.080223,18.80662,1993,3,ARG
40,56.82879,14.224881,1993,4,ARG
41,46.452553,10.186523,1993,5,ARG
42,31.55032,7.899522,1993,6,ARG
43,19.87807,6.8728867,1993,7,ARG
44,16.820812,9.832216,1993,8,ARG
45,21.83086,11.24059,1993,9,ARG
46,65.47217,14.725359,1993,10,ARG
47,77.09896,16.914833,1993,11,ARG
48,59.63501,19.472647,1993,12,ARG
49,58.901752,20.592424,1994,1,ARG
50,67.98716,18.938995,1994,2,ARG
51,55.07831,17.747686,1994,3,ARG
52,52.49131,14.042503,1994,4,ARG
53,47.707256,12.207018,1994,5,ARG
54,36.127033,9.550399,1994,6,ARG
55,30.920496,7.4027114,1994,7,ARG
56,18.98405,9.73102,1994,8,ARG
57,21.40279,12.539553,1994,9,ARG
58,58.082775,14.427272,1994,10,ARG
59,50.460445,17.60893,1994,11,ARG
60,62.1693,21.127113,1994,12,ARG
61,65.01523,19.845135,1995,1,ARG
62,58.912758,18.713556,1995,2,ARG
63,70.29107,17.249043,1995,3,ARG
64,44.4996,13.868899,1995,4,ARG
65,26.201756,10.670415,1995,5,ARG
66,25.427752,7.752871,1995,6,ARG
67,17.93118,6.572408,1995,7,ARG
68,14.627751,7.98134,1995,8,ARG
69,17.001196,11.8374,1995,9,ARG
70,39.909172,14.336603,1995,10,ARG
71,50.63708,18.038357,1995,11,ARG
72,35.563713,21.283175,1995,12,ARG
73,71.93509,19.871372,1996,1,ARG
74,71.40024,18.926315,1996,2,ARG
75,61.191307,18.090351,1996,3,ARG
76,66.1941,13.634211,1996,4,ARG
77,27.880062,11.394098,1996,5,ARG
78,17.406061,6.4468904,1996,6,ARG
79,13.556539,6.7577353,1996,7,ARG
80,20.107655,10.40957,1996,8,ARG
81,26.177353,11.58453,1996,9,ARG
82,59.67991,14.995615,1996,10,ARG
83,59.45981,17.911005,1996,11,ARG
84,89.24099,19.16555,1996,12,ARG
85,69.5374,21.089634,1997,1,ARG
86,71.157814,18.649122,1997,2,ARG
87,51.076557,17.804785,1997,3,ARG
88,32.13676,15.100637,1997,4,ARG
89,36.542503,11.35933,1997,5,ARG
90,37.04888,8.273365,1997,6,ARG
91,30.357416,8.90949,1997,7,ARG
92,24.043222,9.829347,1997,8,ARG
93,27.175756,11.823046,1997,9,ARG
94,59.443462,14.190511,1997,10,ARG
95,64.026955,17.053429,1997,11,ARG
96,100.194496,18.998882,1997,12,ARG
97,76.82209,20.082695,1998,1,ARG
98,80.91531,18.319218,1998,2,ARG
99,65.40208,16.671612,1998,3,ARG
100,79.05263,13.662122,1998,4,ARG
101,34.712917,11.116188,1998,5,ARG
102,24.443222,8.670415,1998,6,ARG
103,21.591148,9.32815,1998,7,ARG
104,21.929905,9.278389,1998,8,ARG
105,32.466988,10.460207,1998,9,ARG
106,40.345215,15.370175,1998,10,ARG
107,49.754864,17.434052,1998,11,ARG
108,54.66651,19.705662,1998,12,ARG
109,68.75455,19.935646,1999,1,ARG
110,59.429985,20.242105,1999,2,ARG
111,92.318344,17.37855,1999,3,ARG
112,47.30024,12.687161,1999,4,ARG
113,27.631659,10.164035,1999,5,ARG
114,33.043938,7.203668,1999,6,ARG
115,31.542027,6.5299845,1999,7,ARG
116,22.595135,9.329186,1999,8,ARG
117,30.145615,12.461802,1999,9,ARG
118,43.979267,14.846411,1999,10,ARG
119,41.257656,16.87504,1999,11,ARG
120,61.260845,19.337719,1999,12,ARG
121,66.93389,20.82751,2000,1,ARG
122,73.962845,19.019537,2000,2,ARG
123,72.18692,16.714672,2000,3,ARG
124,62.64984,14.352951,2000,4,ARG
125,48.826714,9.866347,2000,5,ARG
126,43.290672,8.038437,2000,6,ARG
127,25.664515,5.50949,2000,7,ARG
128,20.844816,8.603429,2000,8,ARG
129,29.185406,10.387799,2000,9,ARG
130,78.20431,14.478708,2000,10,ARG
131,67.22926,15.899363,2000,11,ARG
132,59.376396,19.027193,2000,12,ARG
133,88.88254,20.555502,2001,1,ARG
134,64.99681,20.861244,2001,2,ARG
135,84.89418,17.851994,2001,3,ARG
136,52.06762,13.558533,2001,4,ARG
137,37.22249,9.593382,2001,5,ARG
138,32.42815,8.123365,2001,6,ARG
139,32.499043,7.1274323,2001,7,ARG
140,31.257416,10.29051,2001,8,ARG
141,34.73684,11.116029,2001,9,ARG
142,68.85678,14.998564,2001,10,ARG
143,62.230385,16.709808,2001,11,ARG
144,48.52384,19.733494,2001,12,ARG
145,73.39816,20.246172,2002,1,ARG
146,56.102154,19.520016,2002,2,ARG
147,99.67113,17.425917,2002,3,ARG
148,62.701996,13.445375,2002,4,ARG
149,53.867302,10.674322,2002,5,ARG
150,24.355742,6.144338,2002,6,ARG
151,29.118023,7.3364434,2002,7,ARG
152,30.693064,9.490829,2002,8,ARG
153,35.427193,11.484928,2002,9,ARG
154,71.971054,15.377672,2002,10,ARG
155,68.52871,17.172407,2002,11,ARG
156,88.72129,19.200161,2002,12,ARG
157,55.083656,20.845615,2003,1,ARG
158,67.676315,19.489473,2003,2,ARG
159,82.19705,18.135885,2003,3,ARG
160,54.463,13.402472,2003,4,ARG
161,30.327274,10.953828,2003,5,ARG
162,33.98493,9.592185,2003,6,ARG
163,21.323284,7.5042267,2003,7,ARG
164,24.53445,8.40008,2003,8,ARG
165,21.613556,12.075837,2003,9,ARG
166,47.680622,15.589952,2003,10,ARG
167,51.604145,17.667624,2003,11,ARG
168,75.69521,18.494738,2003,12,ARG
169,51.076157,20.91571,2004,1,ARG
170,42.44649,19.639713,2004,2,ARG
171,48.619057,18.61531,2004,3,ARG
172,70.85646,14.500877,2004,4,ARG
173,21.939953,8.381659,2004,5,ARG
174,30.899761,8.871531,2004,6,ARG
175,26.467066,7.7070174,2004,7,ARG
176,19.179585,9.116906,2004,8,ARG
177,22.285168,12.435805,2004,9,ARG
178,51.693382,14.759331,2004,10,ARG
179,65.67352,16.84697,2004,11,ARG
180,65.95327,19.600079,2004,12,ARG
181,57.073845,20.651436,2005,1,ARG
182,52.05957,20.514992,2005,2,ARG
183,73.42719,17.307974,2005,3,ARG
184,45.42464,12.956301,2005,4,ARG
185,44.39019,10.075837,2005,5,ARG
186,39.904785,8.572886,2005,6,ARG
187,17.564354,7.74681,2005,7,ARG
188,31.558771,8.966906,2005,8,ARG
189,24.336285,10.705183,2005,9,ARG
190,38.2071,14.024721,2005,10,ARG
191,48.853348,17.94338,2005,11,ARG
192,49.383415,19.013638,2005,12,ARG
193,67.33325,20.895454,2006,1,ARG
194,50.36547,20.044977,2006,2,ARG
195,53.94314,17.263237,2006,3,ARG
196,46.217304,14.412999,2006,4,ARG
197,13.414673,9.555423,2006,5,ARG
198,34.966587,8.906618,2006,6,ARG
199,30.038517,9.269777,2006,7,ARG
200,19.671213,8.972169,2006,8,ARG
201,18.310047,11.76866,2006,9,ARG
202,66.4366,15.713476,2006,10,ARG
203,50.25016,17.230223,2006,11,ARG
204,85.52703,19.986763,2006,12,ARG
205,75.17073,20.427752,2007,1,ARG
206,79.09274,19.511562,2007,2,ARG
207,95.49569,17.36539,2007,3,ARG
208,42.52855,14.511484,2007,4,ARG
209,26.64689,8.244976,2007,5,ARG
210,16.519218,6.784051,2007,6,ARG
211,17.823923,5.48756,2007,7,ARG
212,14.930621,6.621133,2007,8,ARG
213,42.49729,12.32193,2007,9,ARG
214,54.6508,15.436763,2007,10,ARG
215,34.147926,16.591547,2007,11,ARG
216,53.942425,19.764751,2007,12,ARG
217,80.08517,20.860846,2008,1,ARG
218,72.10127,20.321451,2008,2,ARG
219,57.020973,17.936604,2008,3,ARG
220,28.701992,13.526236,2008,4,ARG
221,32.788277,9.961882,2008,5,ARG
222,23.822727,6.9182615,2008,6,ARG
223,22.899363,9.167384,2008,7,ARG
224,23.341627,8.792026,2008,8,ARG
225,21.802952,11.409649,2008,9,ARG
226,48.56954,15.039473,2008,10,ARG
227,46.666267,19.000319,2008,11,ARG
228,45.167065,20.403748,2008,12,ARG
229,42.25319,20.840431,2009,1,ARG
230,56.42472,20.237959,2009,2,ARG
231,46.92959,18.873127,2009,3,ARG
232,27.492823,15.690989,2009,4,ARG
233,43.727512,11.245853,2009,5,ARG
234,16.8126,7.5210524,2009,6,ARG
235,25.882298,6.5574164,2009,7,ARG
236,24.338757,10.556699,2009,8,ARG
237,34.424004,10.688836,2009,9,ARG
238,28.786762,14.879904,2009,10,ARG
239,89.56563,17.324402,2009,11,ARG
240,89.92329,19.007097,2009,12,ARG
241,63.22278,20.773335,2010,1,ARG
242,96.04229,19.285763,2010,2,ARG
243,67.574936,18.44354,2010,3,ARG
244,35.748264,13.439653,2010,4,ARG
245,54.55062,10.045834,2010,5,ARG
246,28.915695,8.298959,2010,6,ARG
247,35.98389,6.4777083,2010,7,ARG
248,21.143888,8.138056,2010,8,ARG
249,44.57257,11.602222,2010,9,ARG
250,37.88375,14.364653,2010,10,ARG
251,34.763054,16.873196,2010,11,ARG
252,60.10854,19.476736,2010,12,ARG
253,76.53174,20.609028,2011,1,ARG
254,81.337296,19.449306,2011,2,ARG
255,49.219654,17.26507,2011,3,ARG
256,54.392914,14.2746525,2011,4,ARG
257,25.497986,10.622431,2011,5,ARG
258,33.243473,7.8102775,2011,6,ARG
259,38.23486,7.1293054,2011,7,ARG
260,25.126041,8.251389,2011,8,ARG
261,23.072708,12.671667,2011,9,ARG
262,61.35743,14.280208,2011,10,ARG
263,57.892708,18.17375,2011,11,ARG
264,37.498333,20.053055,2011,12,ARG
265,52.611736,21.614305,2012,1,ARG
266,81.151665,19.826527,2012,2,ARG
267,56.223125,18.00111,2012,3,ARG
268,49.93965,13.731806,2012,4,ARG
269,44.77889,11.449722,2012,5,ARG
270,33.603542,8.042848,2012,6,ARG
271,15.560069,6.470417,2012,7,ARG
272,45.055973,9.941527,2012,8,ARG
273,30.93597,12.864237,2012,9,ARG
274,79.07347,15.036944,2012,10,ARG
275,48.925556,18.089443,2012,11,ARG
276,86.18653,19.446041,2012,12,ARG
1,189.76254,25.874792,1990,1,BRA
2,193.15727,25.715601,1990,2,BRA
3,201.08751,26.012817,1990,3,BRA
4,173.47794,25.806591,1990,4,BRA
5,146.5585,24.194601,1990,5,BRA
6,86.153625,23.410168,1990,6,BRA
7,70.07916,22.667473,1990,7,BRA
8,63.44276,24.174263,1990,8,BRA
9,88.587746,24.56807,1990,9,BRA
10,113.62395,26.22173,1990,10,BRA
11,138.30434,26.33786,1990,11,BRA
12,176.42802,25.855679,1990,12,BRA
13,237.61246,25.64561,1991,1,BRA
14,205.40779,25.987875,1991,2,BRA
15,235.9257,25.668598,1991,3,BRA
16,188.74815,25.277477,1991,4,BRA
17,127.21053,24.726698,1991,5,BRA
18,93.838,23.893606,1991,6,BRA
19,73.37337,23.161842,1991,7,BRA
20,56.961346,23.787745,1991,8,BRA
21,74.3585,25.064657,1991,9,BRA
22,97.52726,25.492779,1991,10,BRA
23,135.05333,25.803411,1991,11,BRA
24,168.12163,25.983273,1991,12,BRA
25,219.86787,25.68102,1992,1,BRA
26,239.15608,25.711725,1992,2,BRA
27,209.84714,25.431866,1992,3,BRA
28,170.43497,25.134912,1992,4,BRA
29,109.36973,25.028751,1992,5,BRA
30,70.440575,24.227657,1992,6,BRA
31,71.91927,22.656277,1992,7,BRA
32,59.85598,23.715303,1992,8,BRA
33,88.937164,24.32504,1992,9,BRA
34,108.355576,25.47953,1992,10,BRA
35,157.01309,25.308546,1992,11,BRA
36,195.90219,25.315668,1992,12,BRA
37,213.11145,25.703445,1993,1,BRA
38,222.56465,25.367739,1993,2,BRA
39,197.4802,25.654423,1993,3,BRA
40,169.2368,25.482378,1993,4,BRA
41,124.95909,24.299503,1993,5,BRA
42,85.70534,23.566975,1993,6,BRA
43,67.46343,23.268534,1993,7,BRA
44,53.889732,23.789501,1993,8,BRA
45,79.21418,24.941935,1993,9,BRA
46,121.55939,25.87933,1993,10,BRA
47,164.14444,25.790823,1993,11,BRA
48,190.6782,25.725536,1993,12,BRA
49,232.72505,25.532627,1994,1,BRA
50,217.30325,25.726864,1994,2,BRA
51,251.63252,25.45058,1994,3,BRA
52,186.54478,25.15174,1994,4,BRA
53,135.07503,24.87804,1994,5,BRA
54,108.02067,23.483107,1994,6,BRA
55,66.14273,23.192547,1994,7,BRA
56,56.520638,24.211031,1994,8,BRA
57,69.76406,25.393177,1994,9,BRA
58,117.08649,26.077343,1994,10,BRA
59,154.26625,25.874063,1994,11,BRA
60,196.92252,25.904306,1994,12,BRA
61,191.4324,26.154587,1995,1,BRA
62,202.05107,26.00159,1995,2,BRA
63,232.04785,25.97559,1995,3,BRA
64,207.84827,25.047731,1995,4,BRA
65,129.68483,24.1948,1995,5,BRA
66,94.0583,23.744518,1995,6,BRA
67,80.68466,24.146076,1995,7,BRA
68,51.66217,25.006557,1995,8,BRA
69,67.43104,25.635508,1995,9,BRA
70,117.581116,26.026333,1995,10,BRA
71,179.05515,25.829746,1995,11,BRA
72,228.19193,25.839748,1995,12,BRA
73,238.9523,26.028055,1996,1,BRA
74,217.87546,26.172642,1996,2,BRA
75,274.914,25.563232,1996,3,BRA
76,201.1322,25.128023,1996,4,BRA
77,121.46194,24.335674,1996,5,BRA
78,87.223785,22.865685,1996,6,BRA
79,79.825836,23.306957,1996,7,BRA
80,60.174793,24.374859,1996,8,BRA
81,88.16347,25.039747,1996,9,BRA
82,143.44583,25.838324,1996,10,BRA
83,157.88765,25.677378,1996,11,BRA
84,188.0389,26.230274,1996,12,BRA
85,245.51553,25.853958,1997,1,BRA
86,224.1392,25.839087,1997,2,BRA
87,299.9297,25.233686,1997,3,BRA
88,180.21309,25.129381,1997,4,BRA
89,124.547104,24.24157,1997,5,BRA
90,64.18165,23.650713,1997,6,BRA
91,55.943493,24.249355,1997,7,BRA
92,60.01885,24.66585,1997,8,BRA
93,74.517715,25.592846,1997,9,BRA
94,106.48417,26.839748,1997,10,BRA
95,157.70059,26.690792,1997,11,BRA
96,199.25046,26.431732,1997,12,BRA
97,198.3055,26.69609,1998,1,BRA
98,197.43385,26.863796,1998,2,BRA
99,213.13289,26.341635,1998,3,BRA
100,180.14429,26.192282,1998,4,BRA
101,130.79689,24.690262,1998,5,BRA
102,98.06413,23.773766,1998,6,BRA
103,69.075226,24.388836,1998,7,BRA
104,69.25184,25.23183,1998,8,BRA
105,88.16112,25.584465,1998,9,BRA
106,117.505295,26.267008,1998,10,BRA
107,188.35892,25.981949,1998,11,BRA
108,191.76979,26.222855,1998,12,BRA
109,248.38321,26.089169,1999,1,BRA
110,207.19617,26.0312,1999,2,BRA
111,224.65926,25.827625,1999,3,BRA
112,192.58751,25.052235,1999,4,BRA
113,145.22888,23.867474,1999,5,BRA
114,90.39824,23.628819,1999,6,BRA
115,71.37337,23.668896,1999,7,BRA
116,53.042297,24.289764,1999,8,BRA
117,86.4162,25.476217,1999,9,BRA
118,110.560776,25.891388,1999,10,BRA
119,159.68361,25.837662,1999,11,BRA
120,207.9897,26.104107,1999,12,BRA
121,348.7455,25.906689,2000,1,BRA
122,226.25693,25.732727,2000,2,BRA
123,243.0405,25.5209,2000,3,BRA
124,205.80972,25.230772,2000,4,BRA
125,137.0851,24.547665,2000,5,BRA
126,91.41597,23.97784,2000,6,BRA
127,76.23594,22.843094,2000,7,BRA
128,64.686584,24.64253,2000,8,BRA
129,100.29569,25.088474,2000,9,BRA
130,106.67847,26.444418,2000,10,BRA
131,162.82239,25.862072,2000,11,BRA
132,216.73898,25.907618,2000,12,BRA
133,211.81767,25.8157,2001,1,BRA
134,206.67078,26.110102,2001,2,BRA
135,227.84225,26.026632,2001,3,BRA
136,155.00964,25.757965,2001,4,BRA
137,132.2271,24.688805,2001,5,BRA
138,97.28758,23.181849,2001,6,BRA
139,69.26833,24.136635,2001,7,BRA
140,46.376778,25.091255,2001,8,BRA
141,86.890366,25.59122,2001,9,BRA
142,129.66907,26.239218,2001,10,BRA
143,154.9033,26.399734,2001,11,BRA
144,211.9781,26.020405,2001,12,BRA
145,262.84875,25.982046,2002,1,BRA
146,208.92696,26.04654,2002,2,BRA
147,208.47586,26.257269,2002,3,BRA
148,201.97682,25.912851,2002,4,BRA
149,158.70503,25.11898,2002,5,BRA
150,94.403244,23.913944,2002,6,BRA
151,71.15399,24.220901,2002,7,BRA
152,61.776417,25.203876,2002,8,BRA
153,69.87135,25.556807,2002,9,BRA
154,114.31315,26.899668,2002,10,BRA
155,140.00204,26.411922,2002,11,BRA
156,218.72525,26.361378,2002,12,BRA
157,207.05713,26.40308,2003,1,BRA
158,221.62292,26.449686,2003,2,BRA
159,229.85141,26.032528,2003,3,BRA
160,166.08705,25.64452,2003,4,BRA
161,142.74191,24.67009,2003,5,BRA
162,97.99914,24.515104,2003,6,BRA
163,66.67363,23.832428,2003,7,BRA
164,62.701855,24.079132,2003,8,BRA
165,85.09728,25.402153,2003,9,BRA
166,108.77238,26.12703,2003,10,BRA
167,156.66313,26.132263,2003,11,BRA
168,164.07635,26.480886,2003,12,BRA
169,277.0607,26.110004,2004,1,BRA
170,271.59106,25.775356,2004,2,BRA
171,246.0313,25.892513,2004,3,BRA
172,176.92856,25.976482,2004,4,BRA
173,141.15588,24.2684,2004,5,BRA
174,80.27171,23.817554,2004,6,BRA
175,80.98198,23.547598,2004,7,BRA
176,53.52766,24.399603,2004,8,BRA
177,62.139946,26.033356,2004,9,BRA
178,116.726234,26.286783,2004,10,BRA
179,145.42953,26.343258,2004,11,BRA
180,171.17781,26.220104,2004,12,BRA
181,217.62393,26.671051,2005,1,BRA
182,221.41907,26.468002,2005,2,BRA
183,263.4371,26.156673,2005,3,BRA
184,197.85654,25.934216,2005,4,BRA
185,161.5268,25.100397,2005,5,BRA
186,76.04631,24.47668,2005,6,BRA
187,55.68218,23.827293,2005,7,BRA
188,60.30146,25.342663,2005,8,BRA
189,74.82236,25.161345,2005,9,BRA
190,115.90166,26.623684,2005,10,BRA
191,131.39902,26.697845,2005,11,BRA
192,242.9325,25.948889,2005,12,BRA
193,221.42151,26.532558,2006,1,BRA
194,220.70529,26.274958,2006,2,BRA
195,247.23999,26.092447,2006,3,BRA
196,215.98405,25.364723,2006,4,BRA
197,160.58003,23.973997,2006,5,BRA
198,89.2802,23.759092,2006,6,BRA
199,72.67224,24.30318,2006,7,BRA
200,50.429745,25.092812,2006,8,BRA
201,68.53962,25.556309,2006,9,BRA
202,128.61775,26.499933,2006,10,BRA
203,170.76227,26.032429,2006,11,BRA
204,219.77426,26.4474,2006,12,BRA
205,206.90659,26.45631,2007,1,BRA
206,239.3571,26.291752,2007,2,BRA
207,212.4401,26.122458,2007,3,BRA
208,189.89586,25.854654,2007,4,BRA
209,134.3884,24.590229,2007,5,BRA
210,75.25167,24.126432,2007,6,BRA
211,72.798904,23.791851,2007,7,BRA
212,58.27943,24.186287,2007,8,BRA
213,50.37774,26.17963,2007,9,BRA
214,123.58467,26.603973,2007,10,BRA
215,161.13365,26.22279,2007,11,BRA
216,218.637,26.13892,2007,12,BRA
217,269.326,25.535772,2008,1,BRA
218,241.37854,25.728287,2008,2,BRA
219,265.90753,25.587843,2008,3,BRA
220,196.21063,25.12779,2008,4,BRA
221,144.30965,24.005665,2008,5,BRA
222,85.017715,23.25916,2008,6,BRA
223,65.28264,24.148823,2008,7,BRA
224,58.62974,25.125637,2008,8,BRA
225,74.76413,25.451672,2008,9,BRA
226,117.811424,26.59258,2008,10,BRA
227,161.44548,26.077442,2008,11,BRA
228,224.13309,25.980556,2008,12,BRA
229,239.31355,25.773434,2009,1,BRA
230,230.08553,25.781948,2009,2,BRA
231,249.51859,26.017523,2009,3,BRA
232,205.80615,25.41517,2009,4,BRA
233,147.31885,24.66406,2009,5,BRA
234,103.69672,23.363895,2009,6,BRA
235,71.61338,24.039814,2009,7,BRA
236,60.09738,24.94498,2009,8,BRA
237,79.061874,26.180126,2009,9,BRA
238,147.11922,26.499405,2009,10,BRA
239,140.00381,27.116364,2009,11,BRA
240,245.05098,26.156178,2009,12,BRA
241,233.43567,26.52296,2010,1,BRA
242,215.81035,27.07584,2010,2,BRA
243,230.62825,26.80831,2010,3,BRA
244,202.08363,25.728561,2010,4,BRA
245,147.3365,24.851677,2010,5,BRA
246,84.5041,23.745707,2010,6,BRA
247,83.37098,23.902493,2010,7,BRA
248,49.39141,24.538012,2010,8,BRA
249,66.5895,26.301937,2010,9,BRA
250,114.32567,26.431519,2010,10,BRA
251,164.2929,26.067312,2010,11,BRA
252,211.25285,26.206278,2010,12,BRA
253,232.6737,25.942135,2011,1,BRA
254,252.87285,25.962696,2011,2,BRA
255,272.92084,25.623638,2011,3,BRA
256,202.12988,25.54863,2011,4,BRA
257,148.45566,24.586365,2011,5,BRA
258,80.65414,23.896923,2011,6,BRA
259,71.27412,24.10357,2011,7,BRA
260,59.1711,24.945183,2011,8,BRA
261,59.05076,25.809635,2011,9,BRA
262,142.15051,26.12056,2011,10,BRA
263,164.32785,26.045307,2011,11,BRA
264,168.49806,26.09726,2011,12,BRA
265,247.11276,25.695074,2012,1,BRA
266,234.72371,25.895351,2012,2,BRA
267,219.17583,25.783072,2012,3,BRA
268,172.56581,25.75968,2012,4,BRA
269,119.25743,24.79406,2012,5,BRA
270,82.74062,24.072115,2012,6,BRA
271,71.44509,23.861927,2012,7,BRA
272,46.402985,24.873562,2012,8,BRA
273,64.87113,26.235859,2012,9,BRA
274,90.46423,26.996677,2012,10,BRA
275,153.3099,26.548046,2012,11,BRA
276,177.30775,26.470636,2012,12,BRA
1,6.191018,18.166882,1990,1,IND
2,19.446192,19.394547,1990,2,IND
3,24.215237,22.37498,1990,3,IND
4,34.635044,27.075302,1990,4,IND
5,74.67731,28.67546,1990,5,IND
6,185.26382,28.472574,1990,6,IND
7,289.691,26.467361,1990,7,IND
8,282.6061,26.35381,1990,8,IND
9,176.5822,26.08324,1990,9,IND
10,84.409065,24.048517,1990,10,IND
11,24.009222,21.37891,1990,11,IND
12,10.809783,17.913713,1990,12,IND
13,10.269848,16.416119,1991,1,IND
14,11.140177,19.70802,1991,2,IND
15,14.894867,23.792864,1991,3,IND
16,30.600641,26.856537,1991,4,IND
17,63.115234,29.615076,1991,5,IND
18,213.8846,28.53424,1991,6,IND
19,250.47258,27.386768,1991,7,IND
20,248.31026,26.130314,1991,8,IND
21,134.11533,26.205774,1991,9,IND
22,62.660545,24.326303,1991,10,IND
23,33.268883,20.560627,1991,11,IND
24,6.276103,17.455334,1991,12,IND
25,12.803368,16.63336,1992,1,IND
26,13.319728,18.12943,1992,2,IND
27,13.288211,23.556133,1992,3,IND
28,17.515156,27.111065,1992,4,IND
29,51.617805,28.923817,1992,5,IND
30,122.53296,29.315958,1992,6,IND
31,223.41049,27.318043,1992,7,IND
32,239.15262,26.103527,1992,8,IND
33,163.67859,25.725983,1992,9,IND
34,54.53753,24.3834,1992,10,IND
35,31.890057,20.898476,1992,11,IND
36,5.562149,17.593906,1992,12,IND
37,8.410265,17.078588,1993,1,IND
38,12.189254,19.868565,1993,2,IND
39,19.08757,22.357418,1993,3,IND
40,25.87827,26.82109,1993,4,IND
41,58.96977,29.594467,1993,5,IND
42,167.35422,29.457739,1993,6,IND
43,270.3826,27.032719,1993,7,IND
44,183.73898,26.590057,1993,8,IND
45,204.71716,25.947315,1993,9,IND
46,78.72655,24.811789,1993,10,IND
47,25.80433,21.27466,1993,11,IND
48,13.352285,17.705212,1993,12,IND
49,12.520609,17.704811,1994,1,IND
50,15.618044,18.893263,1994,2,IND
51,23.747955,24.422613,1994,3,IND
52,36.197994,26.586767,1994,4,IND
53,44.065918,29.891338,1994,5,IND
54,170.83994,28.745708,1994,6,IND
55,333.02902,26.380915,1994,7,IND
56,253.58301,26.16985,1994,8,IND
57,134.79887,26.057257,1994,9,IND
58,97.043785,24.338814,1994,10,IND
59,22.797674,20.848356,1994,11,IND
60,6.1744986,17.491741,1994,12,IND
61,14.337209,15.860225,1995,1,IND
62,14.969607,19.323576,1995,2,IND
63,12.735846,22.833439,1995,3,IND
64,21.998075,26.855413,1995,4,IND
65,54.514275,29.415155,1995,5,IND
66,128.28983,30.152044,1995,6,IND
67,289.51187,27.24226,1995,7,IND
68,231.1272,26.571293,1995,8,IND
69,191.6393,26.285645,1995,9,IND
70,81.9405,25.069206,1995,10,IND
71,21.855734,21.044025,1995,11,IND
72,10.39158,18.19599,1995,12,IND
73,13.200963,17.539455,1996,1,IND
74,13.682277,19.70385,1996,2,IND
75,19.84964,24.479952,1996,3,IND
76,26.788692,27.17049,1996,4,IND
77,49.365276,29.643383,1996,5,IND
78,159.05727,29.032156,1996,6,IND
79,257.6324,27.101843,1996,7,IND
80,261.35275,25.902487,1996,8,IND
81,143.2494,26.321253,1996,9,IND
82,103.20593,24.223175,1996,10,IND
83,20.072334,20.73801,1996,11,IND
84,14.646753,17.477707,1996,12,IND
85,10.475782,16.444105,1997,1,IND
86,6.5934243,18.561588,1997,2,IND
87,17.930393,23.5247,1997,3,IND
88,28.522373,25.914997,1997,4,IND
89,42.45004,28.60072,1997,5,IND
90,145.20056,28.627026,1997,6,IND
91,250.23865,27.386929,1997,7,IND
92,255.47002,26.385244,1997,8,IND
93,155.5303,26.10465,1997,9,IND
94,58.14146,23.966398,1997,10,IND
95,43.783638,21.392462,1997,11,IND
96,20.000721,17.6749,1997,12,IND
97,6.4001603,17.16231,1998,1,IND
98,17.088694,19.634403,1998,2,IND
99,18.660786,22.79118,1998,3,IND
100,32.673214,27.700562,1998,4,IND
101,53.92205,30.299038,1998,5,IND
102,139.25125,29.834482,1998,6,IND
103,263.61395,27.3077,1998,7,IND
104,250.76335,26.850521,1998,8,IND
105,171.8453,26.506495,1998,9,IND
106,107.74379,25.30834,1998,10,IND
107,30.361988,21.696873,1998,11,IND
108,13.142021,17.873537,1998,12,IND
109,10.338813,16.638172,1999,1,IND
110,7.8229346,20.35886,1999,2,IND
111,9.68308,24.259502,1999,3,IND
112,23.422935,28.325903,1999,4,IND
113,79.04916,29.060785,1999,5,IND
114,160.90288,28.461828,1999,6,IND
115,230.05525,26.980032,1999,7,IND
116,226.39912,26.448355,1999,8,IND
117,169.4802,26.317804,1999,9,IND
118,97.673454,24.95886,1999,10,IND
119,16.217321,21.684042,1999,11,IND
120,6.369527,18.063993,1999,12,IND
121,8.585566,17.696793,2000,1,IND
122,15.652044,18.665758,2000,2,IND
123,14.959824,22.991179,2000,3,IND
124,40.156536,28.2409,2000,4,IND
125,68.83272,29.310825,2000,5,IND
126,172.77145,28.251001,2000,6,IND
127,245.46118,26.841059,2000,7,IND
128,218.132,26.663992,2000,8,IND
129,126.73071,26.228388,2000,9,IND
130,52.835766,25.577145,2000,10,IND
131,17.31275,21.793184,2000,11,IND
132,7.7906175,18.035366,2000,12,IND
133,7.664876,17.090055,2001,1,IND
134,7.1451483,20.039295,2001,2,IND
135,11.008661,23.792542,2001,3,IND
136,36.699837,27.223898,2001,4,IND
137,64.13536,29.59599,2001,5,IND
138,204.75967,27.982197,2001,6,IND
139,220.66898,26.794708,2001,7,IND
140,209.09888,26.63769,2001,8,IND
141,96.257095,26.898556,2001,9,IND
142,94.392624,25.268805,2001,10,IND
143,21.989494,21.93681,2001,11,IND
144,9.186447,18.384441,2001,12,IND
145,9.846271,17.238253,2002,1,IND
146,11.926303,19.73769,2002,2,IND
147,15.168004,24.300562,2002,3,IND
148,37.252686,28.07819,2002,4,IND
149,56.826466,30.29607,2002,5,IND
150,169.23376,29.14539,2002,6,IND
151,135.61067,27.91676,2002,7,IND
152,229.79984,26.503448,2002,8,IND
153,127.55453,26.088694,2002,9,IND
154,70.73889,25.265356,2002,10,IND
155,26.635605,21.492222,2002,11,IND
156,6.525261,18.66287,2002,12,IND
157,7.752366,17.275381,2003,1,IND
158,16.131115,19.940657,2003,2,IND
159,19.606415,23.279873,2003,3,IND
160,31.095348,28.039373,2003,4,IND
161,38.419487,29.665838,2003,5,IND
162,160.37273,29.73352,2003,6,IND
163,287.87604,27.01267,2003,7,IND
164,195.6842,26.588053,2003,8,IND
165,146.54251,26.163671,2003,9,IND
166,95.189095,24.887972,2003,10,IND
167,17.603289,21.429913,2003,11,IND
168,8.617322,17.998556,2003,12,IND
169,11.606977,17.047634,2004,1,IND
170,8.404892,19.55838,2004,2,IND
171,22.607779,25.256777,2004,3,IND
172,43.77233,28.261347,2004,4,IND
173,77.538895,29.34932,2004,5,IND
174,152.10056,28.408741,2004,6,IND
175,219.20242,27.386368,2004,7,IND
176,238.56375,26.36608,2004,8,IND
177,125.55037,26.70425,2004,9,IND
178,104.89447,24.21275,2004,10,IND
179,18.643305,21.41243,2004,11,IND
180,6.436969,18.47073,2004,12,IND
181,10.114435,17.294788,2005,1,IND
182,15.365196,19.55389,2005,2,IND
183,24.486767,24.066319,2005,3,IND
184,32.598797,27.10738,2005,4,IND
185,48.41219,28.994467,2005,5,IND
186,143.49638,29.977066,2005,6,IND
187,267.02167,26.964956,2005,7,IND
188,231.69214,26.769688,2005,8,IND
189,206.70242,26.402487,2005,9,IND
190,119.63031,24.575222,2005,10,IND
191,25.201685,20.707619,2005,11,IND
192,13.985003,17.431675,2005,12,IND
193,9.013553,17.577785,2006,1,IND
194,5.683801,21.277546,2006,2,IND
195,14.344587,23.373455,2006,3,IND
196,31.26215,27.120691,2006,4,IND
197,80.08709,29.625341,2006,5,IND
198,143.62856,28.702724,2006,6,IND
199,294.69022,27.139456,2006,7,IND
200,237.81998,26.371052,2006,8,IND
201,173.73047,26.450119,2006,9,IND
202,68.54747,25.376904,2006,10,IND
203,33.840256,21.735285,2006,11,IND
204,6.184924,18.461988,2006,12,IND
205,4.342903,17.4413,2007,1,IND
206,17.648357,19.795269,2007,2,IND
207,17.52983,23.323256,2007,3,IND
208,33.763756,28.198797,2007,4,IND
209,54.456535,29.542343,2007,5,IND
210,178.734,29.047073,2007,6,IND
211,267.1882,27.334003,2007,7,IND
212,264.2137,26.856054,2007,8,IND
213,200.14572,26.586527,2007,9,IND
214,57.609863,24.768564,2007,10,IND
215,22.596071,21.578028,2007,11,IND
216,10.010505,18.157578,2007,12,IND
217,9.210264,17.209383,2008,1,IND
218,12.009703,18.342903,2008,2,IND
219,20.643543,24.46616,2008,3,IND
220,31.377224,27.150202,2008,4,IND
221,43.596394,29.344748,2008,5,IND
222,207.42783,28.086048,2008,6,IND
223,237.05269,26.945389,2008,7,IND
224,282.58636,26.284122,2008,8,IND
225,152.51427,26.270248,2008,9,IND
226,59.726784,25.289654,2008,10,IND
227,31.785084,21.83697,2008,11,IND
228,11.052687,19.306656,2008,12,IND
229,9.711708,18.423336,2009,1,IND
230,10.917723,21.065517,2009,2,IND
231,13.457018,24.521893,2009,3,IND
232,23.971691,28.20898,2009,4,IND
233,58.002808,30.007618,2009,5,IND
234,96.10033,29.838333,2009,6,IND
235,272.70587,27.482357,2009,7,IND
236,201.42886,27.346272,2009,8,IND
237,158.54114,26.779072,2009,9,IND
238,63.177948,24.928629,2009,10,IND
239,41.604572,21.649239,2009,11,IND
240,12.965277,18.72903,2009,12,IND
241,8.713176,15.905063,2010,1,IND
242,11.649722,19.146185,2010,2,IND
243,21.368238,24.458462,2010,3,IND
244,59.814217,28.135645,2010,4,IND
245,81.02191,29.252497,2010,5,IND
246,171.30728,28.615534,2010,6,IND
247,277.9328,26.970804,2010,7,IND
248,280.12976,26.410955,2010,8,IND
249,219.9412,25.731068,2010,9,IND
250,83.191956,24.638557,2010,10,IND
251,56.836617,21.264217,2010,11,IND
252,19.998405,16.586546,2010,12,IND
253,5.7389736,15.341678,2011,1,IND
254,21.382107,18.585854,2011,2,IND
255,15.013315,22.78918,2011,3,IND
256,34.391884,25.750626,2011,4,IND
257,60.247917,28.726215,2011,5,IND
258,190.81221,28.007145,2011,6,IND
259,244.13919,26.701874,2011,7,IND
260,286.0097,26.139252,2011,8,IND
261,199.55388,25.703953,2011,9,IND
262,42.019627,24.423578,2011,10,IND
263,23.479404,20.936062,2011,11,IND
264,11.56172,17.323439,2011,12,IND
265,20.213871,15.347504,2012,1,IND
266,5.936269,18.037031,2012,2,IND
267,9.334258,22.611858,2012,3,IND
268,56.619835,26.264425,2012,4,IND
269,41.187656,28.903606,2012,5,IND
270,145.32442,29.03093,2012,6,IND
271,253.61609,26.966503,2012,7,IND
272,247.3254,26.019764,2012,8,IND
273,225.0156,25.63856,2012,9,IND
274,65.64043,23.61581,2012,10,IND
275,25.919973,19.977947,2012,11,IND
276,11.736338,17.294521,2012,12,IND
1,84.51502,-0.029249012,1990,1,JPN
2,110.46916,3.5802372,1990,2,JPN
3,91.03241,5.6743083,1990,3,JPN
4,141.81265,10.205534,1990,4,JPN
5,128.9494,14.80158,1990,5,JPN
6,202.53519,19.559288,1990,6,JPN
7,154.81541,22.959682,1990,7,JPN
8,153.45969,24.696049,1990,8,JPN
9,325.53558,20.871937,1990,9,JPN
10,163.21976,15.00672,1990,10,JPN
11,147.3091,10.487352,1990,11,JPN
12,68.13518,4.783399,1990,12,JPN
13,67.16166,1.4841897,1991,1,JPN
14,97.15138,0.7972332,1991,2,JPN
15,130.88339,4.9252963,1991,3,JPN
16,121.02767,10.727273,1991,4,JPN
17,117.08458,14.805138,1991,5,JPN
18,246.62173,19.941898,1991,6,JPN
19,263.74585,22.411463,1991,7,JPN
20,208.8332,22.678656,1991,8,JPN
21,231.23833,20.442293,1991,9,JPN
22,209.90555,14.640317,1991,10,JPN
23,87.13637,8.280237,1991,11,JPN
24,75.02055,4.147431,1991,12,JPN
25,68.141106,1.8498024,1992,1,JPN
26,59.180237,1.4664032,1992,2,JPN
27,151.0411,5.175099,1992,3,JPN
28,131.33478,10.2834,1992,4,JPN
29,137.84427,13.661661,1992,5,JPN
30,182.94743,17.527271,1992,6,JPN
31,130.80435,22.223715,1992,7,JPN
32,233.00435,23.119762,1992,8,JPN
33,164.41306,19.416204,1992,9,JPN
34,135.26482,14.048221,1992,10,JPN
35,90.48972,8.603558,1992,11,JPN
36,98.62213,4.19249,1992,12,JPN
37,81.73083,1.9418972,1993,1,JPN
38,91.7585,2.2343874,1993,2,JPN
39,71.610275,4.075889,1993,3,JPN
40,91.804344,9.101976,1993,4,JPN
41,133.71384,13.9083,1993,5,JPN
42,295.9146,17.696049,1993,6,JPN
43,388.50473,20.373518,1993,7,JPN
44,289.37628,21.565613,1993,8,JPN
45,224.79446,19.020948,1993,9,JPN
46,133.2324,13.450989,1993,10,JPN
47,127.0672,9.51581,1993,11,JPN
48,91.56996,3.5778656,1993,12,JPN
49,62.234783,0.46996045,1994,1,JPN
50,94.53755,1.584585,1994,2,JPN
51,87.41818,3.33083,1994,3,JPN
52,99.84387,10.66324,1994,4,JPN
53,116.355736,15.643084,1994,5,JPN
54,141.32806,18.610672,1994,6,JPN
55,78.97194,24.186167,1994,7,JPN
56,106.69645,25.554941,1994,8,JPN
57,259.72964,21.17668,1994,9,JPN
58,85.12569,15.5,1994,10,JPN
59,64.66403,9.432806,1994,11,JPN
60,62.91028,3.7715416,1994,12,JPN
61,74.881424,0.6501976,1995,1,JPN
62,40.24427,1.2711462,1995,2,JPN
63,109.452965,4.4778657,1995,3,JPN
64,126.72213,10.059684,1995,4,JPN
65,180.91423,14.849802,1995,5,JPN
66,166.67352,17.42174,1995,6,JPN
67,271.932,22.858103,1995,7,JPN
68,175.3672,24.387747,1995,8,JPN
69,150.7087,19.561266,1995,9,JPN
70,100.60554,15.396838,1995,10,JPN
71,76.98972,7.947431,1995,11,JPN
72,54.799206,2.610672,1995,12,JPN
73,58.403557,0.7351779,1996,1,JPN
74,46.25494,0.3837945,1996,2,JPN
75,125.392494,4.047826,1996,3,JPN
76,67.88103,8.082213,1996,4,JPN
77,121.15574,13.719763,1996,5,JPN
78,215.11975,18.47075,1996,6,JPN
79,176.49525,22.409487,1996,7,JPN
80,142.52332,23.10751,1996,8,JPN
81,164.22768,19.519367,1996,9,JPN
82,99.47312,14.256126,1996,10,JPN
83,99.53478,8.637945,1996,11,JPN
84,82.60632,3.495652,1996,12,JPN
85,59.13676,1.0391304,1997,1,JPN
86,50.13162,1.5181818,1997,2,JPN
87,79.33122,5.1118574,1997,3,JPN
88,105.24032,10.333201,1997,4,JPN
89,159.92886,14.826086,1997,5,JPN
90,203.37193,18.509882,1997,6,JPN
91,260.92096,22.743084,1997,7,JPN
92,167.30672,23.113834,1997,8,JPN
93,235.56284,19.421345,1997,9,JPN
94,70.12688,13.705533,1997,10,JPN
95,138.33755,9.932806,1997,11,JPN
96,77.36363,4.241107,1997,12,JPN
97,115.19525,0.075494066,1998,1,JPN
98,93.38735,2.0719368,1998,2,JPN
99,81.60396,5.3739133,1998,3,JPN
100,157.41858,12.094466,1998,4,JPN
101,194.47353,16.20079,1998,5,JPN
102,278.28104,18.238735,1998,6,JPN
103,212.36719,22.435968,1998,7,JPN
104,222.27036,23.66087,1998,8,JPN
105,257.78735,21.12253,1998,9,JPN
106,228.3095,16.079842,1998,10,JPN
107,77.33004,8.519367,1998,11,JPN
108,62.678658,4.0837946,1998,12,JPN
109,53.288933,1.1652174,1999,1,JPN
110,61.121742,1.0225296,1999,2,JPN
111,121.59131,4.9948616,1999,3,JPN
112,115.702774,10.074703,1999,4,JPN
113,147.22452,15.00593,1999,5,JPN
114,272.02924,19.230434,1999,6,JPN
115,280.5834,22.46917,1999,7,JPN
116,243.9344,24.829645,1999,8,JPN
117,251.63004,21.893675,1999,9,JPN
118,115.60671,15.188143,1999,10,JPN
119,90.419365,9.192095,1999,11,JPN
120,66.55336,3.271937,1999,12,JPN
121,87.77273,1.8996048,2000,1,JPN
122,48.84427,0.081422925,2000,2,JPN
123,100.04506,4.13083,2000,3,JPN
124,133.08694,9.652569,2000,4,JPN
125,131.07985,15.371145,2000,5,JPN
126,208.23557,18.736362,2000,6,JPN
127,202.62727,23.67075,2000,7,JPN
128,108.29091,24.605137,2000,8,JPN
129,296.2988,20.75336,2000,9,JPN
130,121.17708,14.892489,2000,10,JPN
131,129.88538,8.854546,2000,11,JPN
132,62.185375,3.1039526,2000,12,JPN
133,97.22174,-0.39249012,2001,1,JPN
134,62.877472,0.57272726,2001,2,JPN
135,84.070755,4.420949,2001,3,JPN
136,65.02253,10.748617,2001,4,JPN
137,126.85217,15.297234,2001,5,JPN
138,216.39526,19.007511,2001,6,JPN
139,160.26126,23.5166,2001,7,JPN
140,179.82016,23.237549,2001,8,JPN
141,241.33243,19.62846,2001,9,JPN
142,191.0008,14.786957,2001,10,JPN
143,78.94783,8.413834,2001,11,JPN
144,69.04071,2.2992094,2001,12,JPN
145,103.84546,1.7889328,2002,1,JPN
146,41.00672,2.5913043,2002,2,JPN
147,91.50948,6.43834,2002,3,JPN
148,92.99724,11.722135,2002,4,JPN
149,141.52647,15.018578,2002,5,JPN
150,157.89131,18.361265,2002,6,JPN
151,271.6241,22.986958,2002,7,JPN
152,191.8423,23.284191,2002,8,JPN
153,130.38617,20.047825,2002,9,JPN
154,166.4917,14.418182,2002,10,JPN
155,107.12372,6.447431,2002,11,JPN
156,86.23873,2.4699605,2002,12,JPN
157,91.51502,0.20869565,2003,1,JPN
158,52.249805,1.356917,2003,2,JPN
159,106.12095,3.949012,2003,3,JPN
160,137.16641,10.747827,2003,4,JPN
161,142.94269,15.082608,2003,5,JPN
162,204.80435,18.866404,2003,6,JPN
163,243.67668,20.219368,2003,7,JPN
164,287.59406,22.732016,2003,8,JPN
165,162.70949,20.414623,2003,9,JPN
166,106.041504,13.89921,2003,10,JPN
167,158.03557,10.367193,2003,11,JPN
168,63.20356,4.0501976,2003,12,JPN
169,60.62569,0.8324111,2004,1,JPN
170,65.902374,2.6988142,2004,2,JPN
171,75.61897,4.8739133,2004,3,JPN
172,95.00316,10.633596,2004,4,JPN
173,214.48064,15.754941,2004,5,JPN
174,167.97037,19.791698,2004,6,JPN
175,112.966,23.817392,2004,7,JPN
176,212.48657,23.69328,2004,8,JPN
177,248.9253,20.910276,2004,9,JPN
178,284.75415,14.555731,2004,10,JPN
179,101.84822,10.409487,2004,11,JPN
180,115.24664,4.537945,2004,12,JPN
181,73.2921,0.7110672,2005,1,JPN
182,87.12965,0.46561265,2005,2,JPN
183,94.524506,3.8581028,2005,3,JPN
184,68.067986,10.400395,2005,4,JPN
185,106.271545,13.841898,2005,5,JPN
186,142.50949,19.77747,2005,6,JPN
187,258.19843,22.17905,2005,7,JPN
188,181.21066,24.39249,2005,8,JPN
189,175.7502,21.135967,2005,9,JPN
190,119.412254,15.572332,2005,10,JPN
191,91.56917,8.953755,2005,11,JPN
192,65.20079,0.9379447,2005,12,JPN
193,72.070755,0.24387352,2006,1,JPN
194,101.34269,1.6826086,2006,2,JPN
195,100.017,4.412648,2006,3,JPN
196,144.18419,8.805929,2006,4,JPN
197,169.38972,14.912252,2006,5,JPN
198,202.34348,18.529644,2006,6,JPN
199,344,22.171146,2006,7,JPN
200,160.68933,24.87154,2006,8,JPN
201,138.27155,20.07589,2006,9,JPN
202,137.7672,15.298419,2006,10,JPN
203,137.7842,9.725297,2006,11,JPN
204,97.50079,3.981423,2006,12,JPN
205,58.772728,2.1766798,2007,1,JPN
206,63.21186,3.266008,2007,2,JPN
207,82.05336,5.003162,2007,3,JPN
208,81.2,9.423716,2007,4,JPN
209,143.20949,14.912252,2007,5,JPN
210,153.63123,19.488537,2007,6,JPN
211,329.24942,21.387352,2007,7,JPN
212,144.31541,24.802767,2007,8,JPN
213,219.57669,21.765217,2007,9,JPN
214,108.0672,15.235968,2007,10,JPN
215,54.54783,8.577471,2007,11,JPN
216,91.696045,4.0731225,2007,12,JPN
217,65.12925,0.71501976,2008,1,JPN
218,59.165215,0.31541502,2008,2,JPN
219,92.808304,5.865217,2008,3,JPN
220,115.76166,10.778261,2008,4,JPN
221,174.99605,14.82411,2008,5,JPN
222,222.24466,18.21502,2008,6,JPN
223,96.961266,23.438734,2008,7,JPN
224,232.02412,23.379051,2008,8,JPN
225,170.42807,20.735968,2008,9,JPN
226,118.48656,15.455336,2008,10,JPN
227,100.15573,8.568379,2008,11,JPN
228,78.610275,4.3715415,2008,12,JPN
229,94.9668,1.666008,2009,1,JPN
230,93.25455,2.7932806,2009,2,JPN
231,108.271935,5.1984186,2009,3,JPN
232,110.57747,10.520948,2009,4,JPN
233,93.323715,15.65336,2009,5,JPN
234,194.58537,19.037945,2009,6,JPN
235,324.82452,21.954546,2009,7,JPN
236,147.10712,23.090513,2009,8,JPN
237,80.658104,19.92411,2009,9,JPN
238,163.9324,14.811068,2009,10,JPN
239,156.10751,9.016601,2009,11,JPN
240,88.50237,3.562055,2009,12,JPN
241,55.75238,1.1210318,2010,1,JPN
242,100.59603,1.8444445,2010,2,JPN
243,146.68413,4.293254,2010,3,JPN
244,178.7377,8.581349,2010,4,JPN
245,171.9012,14.185715,2010,5,JPN
246,237.24443,19.581745,2010,6,JPN
247,255.81192,23.47897,2010,7,JPN
248,124.72738,25.703968,2010,8,JPN
249,170.53055,21.611904,2010,9,JPN
250,158.53255,15.181746,2010,10,JPN
251,89.163895,8.747619,2010,11,JPN
252,121.50834,4.0305557,2010,12,JPN
253,43.08016,-1.0900794,2011,1,JPN
254,74.53929,2.1547618,2011,2,JPN
255,51.63929,3.2242062,2011,3,JPN
256,91.9873,9.401984,2011,4,JPN
257,228.8151,14.224604,2011,5,JPN
258,253.4742,19.221428,2011,6,JPN
259,193.43214,23.40119,2011,7,JPN
260,175.6369,24.236904,2011,8,JPN
261,325.29285,21.075397,2011,9,JPN
262,140.40158,14.859126,2011,10,JPN
263,110.58175,10.126588,2011,11,JPN
264,81.75476,2.374603,2011,12,JPN
265,56.15278,-0.26746032,2012,1,JPN
266,95.30397,-0.29087302,2012,2,JPN
267,128.95279,4.0757937,2012,3,JPN
268,125.51825,9.997619,2012,4,JPN
269,128.43968,14.932539,2012,5,JPN
270,263.90875,18.282936,2012,6,JPN
271,236.03174,22.936905,2012,7,JPN
272,168.46983,24.832935,2012,8,JPN
273,211.73174,21.699604,2012,9,JPN
274,127.934525,15.111112,2012,10,JPN
275,149.35239,8.149206,2012,11,JPN
276,117.15675,1.7734127,2012,12,JPN
1,2.4304843,25.885471,1990,1,NGA
2,3.0287747,26.038462,1990,2,NGA
3,6.94302,28.263248,1990,3,NGA
4,68.08861,30.575785,1990,4,NGA
5,110.468094,29.364674,1990,5,NGA
6,137.66183,28.518518,1990,6,NGA
7,256.67096,25.82507,1990,7,NGA
8,213.30484,25.968374,1990,8,NGA
9,162.37636,26.673504,1990,9,NGA
10,85.07493,27.470371,1990,10,NGA
11,15.034472,27.348148,1990,11,NGA
12,7.1242166,26.574076,1990,12,NGA
13,2.7584045,24.904558,1991,1,NGA
14,12.568377,28.413391,1991,2,NGA
15,35.19003,29.442165,1991,3,NGA
16,93.329056,30.306269,1991,4,NGA
17,171.38918,28.09174,1991,5,NGA
18,156.504,28.029629,1991,6,NGA
19,207.44075,25.888035,1991,7,NGA
20,252.97151,25.336468,1991,8,NGA
21,134.94986,26.786896,1991,9,NGA
22,90.04445,26.82963,1991,10,NGA
23,9.19886,26.005413,1991,11,NGA
24,3.7415955,24.620228,1991,12,NGA
25,0.5663818,23.629915,1992,1,NGA
26,2.2250712,26.21339,1992,2,NGA
27,27.276068,29.811111,1992,3,NGA
28,56.23932,30.498861,1992,4,NGA
29,133.39828,28.621368,1992,5,NGA
30,141.73447,27.337036,1992,6,NGA
31,212.09317,25.541595,1992,7,NGA
32,212.97891,25.186325,1992,8,NGA
33,212.67891,25.641312,1992,9,NGA
34,70.59117,26.600285,1992,10,NGA
35,18.092308,25.679773,1992,11,NGA
36,2.408832,24.595158,1992,12,NGA
37,1.1108263,23.418804,1993,1,NGA
38,5.360684,26.748434,1993,2,NGA
39,36.43846,29.199717,1993,3,NGA
40,49.48063,30.08547,1993,4,NGA
41,115.07008,29.666382,1993,5,NGA
42,159.6396,27.739887,1993,6,NGA
43,226.80798,26.17037,1993,7,NGA
44,239.35754,25.561253,1993,8,NGA
45,180.23077,26.116526,1993,9,NGA
46,110.66837,27.432764,1993,10,NGA
47,18.290598,27.190598,1993,11,NGA
48,6.6133904,24.795727,1993,12,NGA
49,3.660399,24.69003,1994,1,NGA
50,5.291168,26.573788,1994,2,NGA
51,22.886326,29.775213,1994,3,NGA
52,75.62593,30.328491,1994,4,NGA
53,108.42108,29.368092,1994,5,NGA
54,146.46553,27.491451,1994,6,NGA
55,184.63931,25.625357,1994,7,NGA
56,262.74503,24.949574,1994,8,NGA
57,232.05241,25.525072,1994,9,NGA
58,115.6094,26.819942,1994,10,NGA
59,13.903704,25.989172,1994,11,NGA
60,0.4954416,23.577494,1994,12,NGA
61,1.6623932,24.046154,1995,1,NGA
62,7.8843307,25.9849,1995,2,NGA
63,31.028774,29.316525,1995,3,NGA
64,67.12479,30.326496,1995,4,NGA
65,115.30797,29.427637,1995,5,NGA
66,158.48035,27.74416,1995,6,NGA
67,217.84644,26.623362,1995,7,NGA
68,248.5507,25.843588,1995,8,NGA
69,166.19174,26.111965,1995,9,NGA
70,113.54472,27.226496,1995,10,NGA
71,14.120229,25.841595,1995,11,NGA
72,3.2558403,25.688318,1995,12,NGA
73,2.9396012,25.879202,1996,1,NGA
74,15.345584,28.253277,1996,2,NGA
75,34.599144,30.135614,1996,3,NGA
76,92.2547,29.817093,1996,4,NGA
77,130.8641,28.867807,1996,5,NGA
78,164.71794,27.262394,1996,6,NGA
79,193.298,26.698574,1996,7,NGA
80,248.00713,25.568945,1996,8,NGA
81,233.42648,25.782337,1996,9,NGA
82,103.32877,26.895441,1996,10,NGA
83,2.9589744,25.282621,1996,11,NGA
84,1.3116809,24.949287,1996,12,NGA
85,3.1364672,25.670654,1997,1,NGA
86,1.7014244,25.569231,1997,2,NGA
87,33.711967,28.880627,1997,3,NGA
88,103.939026,29.38946,1997,4,NGA
89,132.82478,28.39772,1997,5,NGA
90,184.95186,27.58604,1997,6,NGA
91,180.60428,26.144445,1997,7,NGA
92,190.9792,26.122507,1997,8,NGA
93,202.33163,27.064102,1997,9,NGA
94,133.93448,27.871796,1997,10,NGA
95,21.71339,27.3302,1997,11,NGA
96,6.2609687,24.908833,1997,12,NGA
97,4.234758,24.995726,1998,1,NGA
98,6.710826,28.279202,1998,2,NGA
99,23.50114,29.335327,1998,3,NGA
100,72.352425,31.450998,1998,4,NGA
101,122.22935,30.18604,1998,5,NGA
102,163.89886,28.327066,1998,6,NGA
103,209.9094,27.180912,1998,7,NGA
104,225.7282,25.554417,1998,8,NGA
105,201.74872,26.02792,1998,9,NGA
106,106.69031,27.524216,1998,10,NGA
107,13.084045,27.233618,1998,11,NGA
108,4.577778,25.547009,1998,12,NGA
109,5.768091,25.34131,1999,1,NGA
110,10.123076,27.901138,1999,2,NGA
111,23.917095,30.29772,1999,3,NGA
112,60.064384,30.080057,1999,4,NGA
113,89.61567,28.967236,1999,5,NGA
114,138.88405,28.01054,1999,6,NGA
115,259.53705,25.868374,1999,7,NGA
116,234.79602,25.007122,1999,8,NGA
117,219.76639,25.51054,1999,9,NGA
118,154.86723,26.14302,1999,10,NGA
119,16.414246,26.84017,1999,11,NGA
120,2.4008546,24.953846,1999,12,NGA
121,1.6897436,24.665241,2000,1,NGA
122,1.8108263,25.479488,2000,2,NGA
123,19.178633,28.83248,2000,3,NGA
124,50.88262,30.388605,2000,4,NGA
125,122.18148,29.911966,2000,5,NGA
126,173.7245,27.550426,2000,6,NGA
127,213.36353,26.02507,2000,7,NGA
128,247.86438,25.664103,2000,8,NGA
129,194.06354,25.979773,2000,9,NGA
130,88.00912,26.679485,2000,10,NGA
131,8.558405,26.549572,2000,11,NGA
132,3.2210827,24.429344,2000,12,NGA
133,1.9635328,24.368946,2001,1,NGA
134,8.163533,26.480627,2001,2,NGA
135,23.018234,29.252707,2001,3,NGA
136,66.65869,30.121937,2001,4,NGA
137,114.65755,29.096582,2001,5,NGA
138,141.0396,27.471796,2001,6,NGA
139,179.15128,26.32792,2001,7,NGA
140,214.47693,25.089174,2001,8,NGA
141,218.10995,25.635899,2001,9,NGA
142,73.359825,26.503988,2001,10,NGA
143,15.082622,27.629913,2001,11,NGA
144,4.482621,25.938177,2001,12,NGA
145,3.4236465,24.37037,2002,1,NGA
146,9.466666,26.776352,2002,2,NGA
147,31.668661,29.46752,2002,3,NGA
148,60.90342,30.521368,2002,4,NGA
149,85.203415,30.001709,2002,5,NGA
150,155.28462,27.90627,2002,6,NGA
151,184.2678,26.64302,2002,7,NGA
152,221.68176,25.97322,2002,8,NGA
153,204.63277,26.099146,2002,9,NGA
154,112.10342,26.75755,2002,10,NGA
155,12.946439,26.921082,2002,11,NGA
156,3.916809,25.281765,2002,12,NGA
157,3.8490028,25.41795,2003,1,NGA
158,11.293162,29.012537,2003,2,NGA
159,23.304558,29.21339,2003,3,NGA
160,92.286606,30.57721,2003,4,NGA
161,92.49088,29.471796,2003,5,NGA
162,174.66211,27.063532,2003,6,NGA
163,186.24445,26.410828,2003,7,NGA
164,287.6077,25.453846,2003,8,NGA
165,218.34843,26.104843,2003,9,NGA
166,121.37949,27.756413,2003,10,NGA
167,18.469517,27.18661,2003,11,NGA
168,2.0450141,24.880056,2003,12,NGA
169,4.7276354,25.447292,2004,1,NGA
170,7.4903135,26.996866,2004,2,NGA
171,23.694302,29.110256,2004,3,NGA
172,71.11966,30.54245,2004,4,NGA
173,136.26666,29.164673,2004,5,NGA
174,146.77779,27.709116,2004,6,NGA
175,209.43819,25.914246,2004,7,NGA
176,223.71738,25.896866,2004,8,NGA
177,228.31824,26.736181,2004,9,NGA
178,76.93305,27.741312,2004,10,NGA
179,21.966667,26.889172,2004,11,NGA
180,6.850713,25.94929,2004,12,NGA
181,2.1150997,24.693163,2005,1,NGA
182,8.154701,27.933903,2005,2,NGA
183,43.5698,31.039602,2005,3,NGA
184,59.81994,30.816809,2005,4,NGA
185,112.7037,29.412537,2005,5,NGA
186,157.24301,27.173788,2005,6,NGA
187,183.11397,26.099146,2005,7,NGA
188,181.98746,25.660969,2005,8,NGA
189,185.36952,26.742733,2005,9,NGA
190,92.68519,27.247864,2005,10,NGA
191,14.2,26.741879,2005,11,NGA
192,4.4387465,26.218235,2005,12,NGA
193,2.8923078,25.97379,2006,1,NGA
194,8.778632,28.63789,2006,2,NGA
195,31.081766,29.738745,2006,3,NGA
196,51.73476,30.225925,2006,4,NGA
197,106.496864,29.499146,2006,5,NGA
198,154.92279,28.615671,2006,6,NGA
199,190.46553,27.007122,2006,7,NGA
200,223.28519,25.770086,2006,8,NGA
201,259.84613,26.066381,2006,9,NGA
202,103.68974,27.316238,2006,10,NGA
203,14.727635,26.013391,2006,11,NGA
204,3.9153848,23.99658,2006,12,NGA
205,3.6176639,24.191454,2007,1,NGA
206,7.4219375,27.903418,2007,2,NGA
207,26.52678,29.617664,2007,3,NGA
208,66.978065,30.660114,2007,4,NGA
209,111.8094,29.640171,2007,5,NGA
210,159.10541,27.71054,2007,6,NGA
211,239.5997,26.6,2007,7,NGA
212,251.17578,25.811966,2007,8,NGA
213,216.60286,26.179773,2007,9,NGA
214,109.7906,27.706553,2007,10,NGA
215,15.734472,27.393162,2007,11,NGA
216,4.1239314,25.703135,2007,12,NGA
217,4.5971513,23.684046,2008,1,NGA
218,6.123362,26.522507,2008,2,NGA
219,32.12279,29.74701,2008,3,NGA
220,52.609398,29.994587,2008,4,NGA
221,119.34216,29.19402,2008,5,NGA
222,150.42194,27.851566,2008,6,NGA
223,341.02136,26.055841,2008,7,NGA
224,252.84785,25.764385,2008,8,NGA
225,202.84045,26.553844,2008,9,NGA
226,119.17977,27.44131,2008,10,NGA
227,19.449574,26.639603,2008,11,NGA
228,11.148149,26.170086,2008,12,NGA
229,3.174929,26.050426,2009,1,NGA
230,6.668091,28.634756,2009,2,NGA
231,29.051281,29.935614,2009,3,NGA
232,71.92336,30.94245,2009,4,NGA
233,100.75613,30.17208,2009,5,NGA
234,159.8171,28.281195,2009,6,NGA
235,198.6698,26.78661,2009,7,NGA
236,245.12878,26.26211,2009,8,NGA
237,177.93419,26.843021,2009,9,NGA
238,121.4963,27.694874,2009,10,NGA
239,14.002849,26.68034,2009,11,NGA
240,2.7450142,25.961538,2009,12,NGA
241,1.7837093,26.181705,2010,1,NGA
242,10.12406,28.554636,2010,2,NGA
243,15.885213,30.037094,2010,3,NGA
244,47.958145,30.826315,2010,4,NGA
245,99.13835,30.2203,2010,5,NGA
246,178.73058,28.60702,2010,6,NGA
247,221.89725,26.51654,2010,7,NGA
248,196.70226,25.82005,2010,8,NGA
249,201.22882,25.863409,2010,9,NGA
250,131.60677,27.735088,2010,10,NGA
251,28.43985,27.57168,2010,11,NGA
252,6.165163,25.305012,2010,12,NGA
253,2.0097744,24.522808,2011,1,NGA
254,16.806767,28.57995,2011,2,NGA
255,11.288471,30.102757,2011,3,NGA
256,35.161655,30.408772,2011,4,NGA
257,89.406265,29.746115,2011,5,NGA
258,101.91604,27.9802,2011,6,NGA
259,161.2579,26.989475,2011,7,NGA
260,195.7975,25.869925,2011,8,NGA
261,208.87167,26.402756,2011,9,NGA
262,129.13458,27.361654,2011,10,NGA
263,9.353634,26.109524,2011,11,NGA
264,1.91203,24.485212,2011,12,NGA
265,3.3245614,24.946867,2012,1,NGA
266,9.480952,28.369925,2012,2,NGA
267,12.517042,29.13609,2012,3,NGA
268,43.24386,31.165665,2012,4,NGA
269,135.9173,29.146616,2012,5,NGA
270,206.78244,27.145615,2012,6,NGA
271,229.70276,25.841354,2012,7,NGA
272,225.56693,25.194988,2012,8,NGA
273,223.03609,26.18371,2012,9,NGA
274,112.803505,26.546366,2012,10,NGA
275,16.701756,27.665915,2012,11,NGA
276,2.9699247,25.246868,2012,12,NGA
1,21.315216,-28.131458,1990,1,RUS
2,17.667715,-22.464016,1990,2,RUS
3,18.536686,-11.466477,1990,3,RUS
4,21.4888,-4.1302805,1990,4,RUS
5,33.97707,4.1333256,1990,5,RUS
6,50.035652,11.61303,1990,6,RUS
7,62.07536,14.913945,1990,7,RUS
8,59.015675,12.172472,1990,8,RUS
9,46.853127,4.801767,1990,9,RUS
10,39.241253,-4.2925143,1990,10,RUS
11,34.579735,-17.880976,1990,11,RUS
12,24.5956,-22.794676,1990,12,RUS
13,21.381842,-24.206451,1991,1,RUS
14,15.807202,-24.512707,1991,2,RUS
15,16.58984,-18.363945,1991,3,RUS
16,21.463345,-5.3520665,1991,4,RUS
17,32.221817,3.6378055,1991,5,RUS
18,51.06397,11.638903,1991,6,RUS
19,57.87973,15.532308,1991,7,RUS
20,57.95288,12.328466,1991,8,RUS
21,40.766777,6.348099,1991,9,RUS
22,38.601753,-3.7914891,1991,10,RUS
23,28.735943,-15.117826,1991,11,RUS
24,23.549068,-24.281307,1991,12,RUS
25,22.04448,-23.992136,1992,1,RUS
26,17.61557,-21.726068,1992,2,RUS
27,17.553005,-15.774806,1992,3,RUS
28,24.539146,-8.341466,1992,4,RUS
29,28.94547,3.7568307,1992,5,RUS
30,44.962303,9.692957,1992,6,RUS
31,57.170155,13.75724,1992,7,RUS
32,57.817863,11.463874,1992,8,RUS
33,40.86427,4.510885,1992,9,RUS
34,37.154747,-6.3147345,1992,10,RUS
35,32.128048,-19.590076,1992,11,RUS
36,23.006042,-22.068537,1992,12,RUS
37,21.993366,-23.331953,1993,1,RUS
38,16.882868,-21.020311,1993,2,RUS
39,16.993847,-14.839589,1993,3,RUS
40,21.879019,-7.2511835,1993,4,RUS
41,29.591503,2.7549376,1993,5,RUS
42,46.7386,11.003336,1993,6,RUS
43,55.03537,14.843272,1993,7,RUS
44,62.857777,11.589422,1993,8,RUS
45,44.532936,4.5809116,1993,9,RUS
46,36.957397,-5.3817005,1993,10,RUS
47,21.81382,-18.291647,1993,11,RUS
48,25.437956,-24.419348,1993,12,RUS
49,22.663433,-26.536356,1994,1,RUS
50,16.069199,-25.503061,1994,2,RUS
51,18.112644,-15.997098,1994,3,RUS
52,22.316479,-6.170942,1994,4,RUS
53,38.305977,2.2338617,1994,5,RUS
54,51.694843,11.240243,1994,6,RUS
55,64.92029,14.401088,1994,7,RUS
56,54.87855,11.479256,1994,8,RUS
57,46.062794,6.1262817,1994,9,RUS
58,35.402397,-2.8395963,1994,10,RUS
59,31.899857,-17.667202,1994,11,RUS
60,23.443186,-24.585201,1994,12,RUS
61,22.337254,-23.039833,1995,1,RUS
62,16.695354,-17.916698,1995,2,RUS
63,17.922031,-14.733902,1995,3,RUS
64,22.868938,-4.5226297,1995,4,RUS
65,30.267157,3.2992191,1995,5,RUS
66,47.51917,11.167188,1995,6,RUS
67,60.816113,14.578743,1995,7,RUS
68,59.39732,12.954054,1995,8,RUS
69,46.419735,6.064821,1995,9,RUS
70,35.912724,-3.1047878,1995,10,RUS
71,31.668695,-15.012415,1995,11,RUS
72,24.112944,-22.567533,1995,12,RUS
73,19.459284,-25.503368,1996,1,RUS
74,16.107422,-22.693634,1996,2,RUS
75,16.342428,-15.579666,1996,3,RUS
76,21.280115,-7.236875,1996,4,RUS
77,31.58342,3.2774017,1996,5,RUS
78,50.163456,10.271422,1996,6,RUS
79,61.397255,15.089399,1996,7,RUS
80,58.988323,11.116035,1996,8,RUS
81,46.440636,3.8804543,1996,9,RUS
82,34.189964,-4.733199,1996,10,RUS
83,28.91773,-14.517787,1996,11,RUS
84,25.59952,-24.299408,1996,12,RUS
85,22.045803,-26.263897,1997,1,RUS
86,16.85007,-23.034998,1997,2,RUS
87,18.686466,-14.262777,1997,3,RUS
88,23.394375,-3.2307935,1997,4,RUS
89,32.34591,3.6398487,1997,5,RUS
90,49.288635,10.909758,1997,6,RUS
91,60.959248,13.924776,1997,7,RUS
92,65.111755,12.03678,1997,8,RUS
93,39.750805,5.8971605,1997,9,RUS
94,41.490944,-2.5549693,1997,10,RUS
95,29.04889,-17.943264,1997,11,RUS
96,23.923307,-25.923569,1997,12,RUS
97,21.06994,-26.289463,1998,1,RUS
98,16.905987,-24.777576,1998,2,RUS
99,18.086386,-15.84944,1998,3,RUS
100,21.982096,-8.164111,1998,4,RUS
101,34.791843,1.820019,1998,5,RUS
102,52.20415,11.534533,1998,6,RUS
103,62.921913,15.782412,1998,7,RUS
104,60.44677,12.862959,1998,8,RUS
105,47.351562,4.3538017,1998,9,RUS
106,40.177567,-6.5160203,1998,10,RUS
107,28.301554,-20.939312,1998,11,RUS
108,26.511194,-23.558155,1998,12,RUS
109,21.370617,-26.360325,1999,1,RUS
110,17.688223,-22.162495,1999,2,RUS
111,17.188484,-20.45429,1999,3,RUS
112,21.650213,-7.054867,1999,4,RUS
113,31.424877,2.8059,1999,5,RUS
114,41.39521,10.850316,1999,6,RUS
115,57.023792,15.364679,1999,7,RUS
116,62.92163,11.552422,1999,8,RUS
117,40.173393,5.3651285,1999,9,RUS
118,37.67894,-4.1320086,1999,10,RUS
119,28.673803,-17.476904,1999,11,RUS
120,26.396381,-20.827606,1999,12,RUS
121,21.584454,-26.928665,2000,1,RUS
122,16.756168,-21.257698,2000,2,RUS
123,18.310774,-14.993698,2000,3,RUS
124,22.11565,-4.180565,2000,4,RUS
125,35.05855,3.5580456,2000,5,RUS
126,51.66679,11.890022,2000,6,RUS
127,66.76892,14.72595,2000,7,RUS
128,61.195686,12.694913,2000,8,RUS
129,45.15815,5.5497637,2000,9,RUS
130,34.68253,-5.4043226,2000,10,RUS
131,26.24108,-18.65414,2000,11,RUS
132,26.254623,-25.879501,2000,12,RUS
133,21.632078,-27.68662,2001,1,RUS
134,17.342451,-25.271053,2001,2,RUS
135,18.640558,-16.737371,2001,3,RUS
136,22.679169,-6.2823396,2001,4,RUS
137,35.01587,4.2486906,2001,5,RUS
138,49.514545,11.870082,2001,6,RUS
139,62.47768,15.576306,2001,7,RUS
140,59.46026,12.771154,2001,8,RUS
141,40.854424,5.2460485,2001,9,RUS
142,38.120697,-5.1556478,2001,10,RUS
143,31.718576,-13.826685,2001,11,RUS
144,24.925169,-23.566595,2001,12,RUS
145,22.146978,-24.658945,2002,1,RUS
146,17.294659,-21.22487,2002,2,RUS
147,17.37786,-12.682386,2002,3,RUS
148,21.896814,-6.2089524,2002,4,RUS
149,30.499203,3.3253117,2002,5,RUS
150,49.522774,11.879587,2002,6,RUS
151,63.338665,15.318024,2002,7,RUS
152,57.75118,12.257604,2002,8,RUS
153,41.751713,5.362589,2002,9,RUS
154,40.323475,-5.1110272,2002,10,RUS
155,30.301035,-16.660137,2002,11,RUS
156,22.764118,-26.800488,2002,12,RUS
157,22.325035,-25.241552,2003,1,RUS
158,15.665555,-23.8975,2003,2,RUS
159,16.101862,-14.841016,2003,3,RUS
160,20.354542,-5.942239,2003,4,RUS
161,31.76968,3.8925934,2003,5,RUS
162,47.25012,10.973402,2003,6,RUS
163,58.51632,15.133057,2003,7,RUS
164,61.064873,13.207952,2003,8,RUS
165,42.724358,6.755372,2003,9,RUS
166,37.998383,-3.598383,2003,10,RUS
167,27.900787,-17.571012,2003,11,RUS
168,26.154434,-20.1879,2003,12,RUS
169,20.635052,-24.547342,2004,1,RUS
170,17.295189,-23.67587,2004,2,RUS
171,18.862581,-16.481369,2004,3,RUS
172,20.663929,-7.3891463,2004,4,RUS
173,33.29093,3.1088107,2004,5,RUS
174,47.644913,10.922228,2004,6,RUS
175,56.710743,14.829412,2004,7,RUS
176,60.564037,11.802405,2004,8,RUS
177,50.059433,6.0838385,2004,9,RUS
178,36.225666,-4.8607035,2004,10,RUS
179,30.930737,-14.240179,2004,11,RUS
180,23.726667,-25.258883,2004,12,RUS
181,21.801073,-23.037766,2005,1,RUS
182,14.710403,-24.442207,2005,2,RUS
183,19.502815,-16.44182,2005,3,RUS
184,23.062407,-5.929271,2005,4,RUS
185,32.871464,4.734674,2005,5,RUS
186,50.506767,11.83353,2005,6,RUS
187,61.38634,15.466336,2005,7,RUS
188,56.305664,12.311209,2005,8,RUS
189,37.441505,7.271478,2005,9,RUS
190,35.448776,-2.5053005,2005,10,RUS
191,29.023235,-13.262723,2005,11,RUS
192,24.065468,-22.375965,2005,12,RUS
193,19.364466,-29.429855,2006,1,RUS
194,16.447193,-24.205996,2006,2,RUS
195,18.48667,-16.363308,2006,3,RUS
196,24.02169,-8.821053,2006,4,RUS
197,31.83987,3.2898407,2006,5,RUS
198,41.78675,12.44623,2006,6,RUS
199,57.465965,14.698967,2006,7,RUS
200,61.329247,12.081842,2006,8,RUS
201,48.402145,6.614648,2006,9,RUS
202,41.228184,-5.1795235,2006,10,RUS
203,33.081398,-16.290195,2006,11,RUS
204,25.549156,-20.72318,2006,12,RUS
205,25.257935,-20.185274,2007,1,RUS
206,17.205767,-25.557865,2007,2,RUS
207,17.473885,-14.355829,2007,3,RUS
208,22.276314,-3.197697,2007,4,RUS
209,34.84501,4.043264,2007,5,RUS
210,55.89339,11.140985,2007,6,RUS
211,72.44897,15.300859,2007,7,RUS
212,65.36312,13.242459,2007,8,RUS
213,44.232395,6.77308,2007,9,RUS
214,33.228355,-2.3827813,2007,10,RUS
215,30.30907,-14.837151,2007,11,RUS
216,23.768055,-21.055483,2007,12,RUS
217,20.142357,-24.690353,2008,1,RUS
218,17.935123,-21.207943,2008,2,RUS
219,19.70859,-12.884478,2008,3,RUS
220,22.235117,-6.5435166,2008,4,RUS
221,32.15052,3.6097176,2008,5,RUS
222,48.805332,11.490361,2008,6,RUS
223,68.46328,14.839888,2008,7,RUS
224,63.95685,12.711524,2008,8,RUS
225,45.61834,5.8549533,2008,9,RUS
226,38.447292,-2.0360389,2008,10,RUS
227,32.670784,-14.298604,2008,11,RUS
228,24.57599,-21.82894,2008,12,RUS
229,21.143492,-24.176344,2009,1,RUS
230,17.289936,-26.279179,2009,2,RUS
231,18.088776,-16.050648,2009,3,RUS
232,20.461824,-5.1045985,2009,4,RUS
233,32.167393,3.1312194,2009,5,RUS
234,46.9614,11.441615,2009,6,RUS
235,62.83489,14.589107,2009,7,RUS
236,64.16875,12.183996,2009,8,RUS
237,42.768105,7.032931,2009,9,RUS
238,35.92394,-3.0667138,2009,10,RUS
239,28.193857,-17.31986,2009,11,RUS
240,26.075998,-25.835764,2009,12,RUS
241,21.39905,-27.092754,2010,1,RUS
242,15.6501465,-26.177006,2010,2,RUS
243,21.816029,-16.5372,2010,3,RUS
244,19.531277,-5.766183,2010,4,RUS
245,35.553337,5.208095,2010,5,RUS
246,55.576973,12.104982,2010,6,RUS
247,60.585663,15.948015,2010,7,RUS
248,63.237907,12.929747,2010,8,RUS
249,47.628246,5.8622046,2010,9,RUS
250,35.791405,-3.2198207,2010,10,RUS
251,37.74612,-13.580612,2010,11,RUS
252,31.48765,-24.507252,2010,12,RUS
253,20.79273,-24.607601,2011,1,RUS
254,16.9444,-24.650185,2011,2,RUS
255,19.407322,-12.449327,2011,3,RUS
256,25.541471,-2.9809053,2011,4,RUS
257,30.806774,4.6432567,2011,5,RUS
258,51.121696,12.7071295,2011,6,RUS
259,64.69704,15.56354,2011,7,RUS
260,63.74934,12.562822,2011,8,RUS
261,50.383553,6.35621,2011,9,RUS
262,40.11623,-1.9141433,2011,10,RUS
263,28.712437,-15.777777,2011,11,RUS
264,23.428627,-20.53889,2011,12,RUS
265,18.177328,-24.799313,2012,1,RUS
266,14.350317,-23.323399,2012,2,RUS
267,17.93989,-16.433655,2012,3,RUS
268,31.053436,-3.809084,2012,4,RUS
269,35.791626,5.2473736,2012,5,RUS
270,49.683105,13.249891,2012,6,RUS
271,61.726604,15.975706,2012,7,RUS
272,67.78305,12.273528,2012,8,RUS
273,49.71524,7.193612,2012,9,RUS
274,44.43553,-3.0434961,2012,10,RUS
275,32.298485,-14.673274,2012,11,RUS
276,24.47247,-24.623892,2012,12,RUS
1,49.252975,23.550186,1990,1,ZAF
2,54.46264,22.333643,1990,2,ZAF
3,62.68383,21.423792,1990,3,ZAF
4,52.062824,18.36134,1990,4,ZAF
5,12.979739,14.801488,1990,5,ZAF
6,16.55223,11.477324,1990,6,ZAF
7,10.683085,11.645167,1990,7,ZAF
8,16.477324,13.5609665,1990,8,ZAF
9,9.918959,16.667286,1990,9,ZAF
10,28.023046,18.796097,1990,10,ZAF
11,24.363567,21.106876,1990,11,ZAF
12,55.826393,22.453716,1990,12,ZAF
13,103.21394,23.251673,1991,1,ZAF
14,62.652973,22.783272,1991,2,ZAF
15,74.96394,21.106134,1991,3,ZAF
16,7.870632,18.81041,1991,4,ZAF
17,13.101672,15.504832,1991,5,ZAF
18,17.47565,11.697397,1991,6,ZAF
19,13.64368,11.648142,1991,7,ZAF
20,8.108736,12.845167,1991,8,ZAF
21,22.019516,16.490705,1991,9,ZAF
22,51.01524,18.90316,1991,10,ZAF
23,39.08699,20.952045,1991,11,ZAF
24,56.232716,22.287546,1991,12,ZAF
25,29.394053,24.253717,1992,1,ZAF
26,36.963753,24.030855,1992,2,ZAF
27,34.4645,22.354275,1992,3,ZAF
28,15.728996,19.553717,1992,4,ZAF
29,7.653903,14.981784,1992,5,ZAF
30,14.6059475,11.915242,1992,6,ZAF
31,11.197955,12.112453,1992,7,ZAF
32,19.378996,13.021376,1992,8,ZAF
33,10.671561,17.357063,1992,9,ZAF
34,36.314873,18.92751,1992,10,ZAF
35,51.80297,20.455204,1992,11,ZAF
36,51.492565,22.881784,1992,12,ZAF
37,41.451115,24.187733,1993,1,ZAF
38,56.538105,22.435316,1993,2,ZAF
39,40.039776,21.957064,1993,3,ZAF
40,31.573978,18.003717,1993,4,ZAF
41,15.370631,15.197769,1993,5,ZAF
42,14.599071,12.080297,1993,6,ZAF
43,12.956691,13.299627,1993,7,ZAF
44,14.9262085,13.9390335,1993,8,ZAF
45,19.936989,17.801115,1993,9,ZAF
46,51.874165,19.683828,1993,10,ZAF
47,52.85018,21.066914,1993,11,ZAF
48,70.538475,22.643124,1993,12,ZAF
49,69.78624,22.875465,1994,1,ZAF
50,68.2394,22.526766,1994,2,ZAF
51,53.041637,21.433643,1994,3,ZAF
52,19.267843,18.776022,1994,4,ZAF
53,7.864684,14.979553,1994,5,ZAF
54,18.876022,11.055576,1994,6,ZAF
55,15.419516,10.667286,1994,7,ZAF
56,15.359294,13.341822,1994,8,ZAF
57,9.679554,17.124722,1994,9,ZAF
58,32.356693,18.377323,1994,10,ZAF
59,28.836432,21.067844,1994,11,ZAF
60,50.490334,22.809294,1994,12,ZAF
61,64.22937,23.820261,1995,1,ZAF
62,33.830482,24.56171,1995,2,ZAF
63,72.58699,21.670631,1995,3,ZAF
64,33.338478,17.782156,1995,4,ZAF
65,20.995354,15.124721,1995,5,ZAF
66,14.068586,11.607992,1995,6,ZAF
67,11.303904,11.0094795,1995,7,ZAF
68,13.529739,14.21171,1995,8,ZAF
69,13.878624,17.288662,1995,9,ZAF
70,43.178627,18.37119,1995,10,ZAF
71,64.52528,20.847769,1995,11,ZAF
72,90.42026,21.223234,1995,12,ZAF
73,94.5645,23.613384,1996,1,ZAF
74,101.21245,22.790707,1996,2,ZAF
75,41.72918,20.681784,1996,3,ZAF
76,31.165798,18.101673,1996,4,ZAF
77,16.11134,15.279553,1996,5,ZAF
78,10.7981415,12.189776,1996,6,ZAF
79,16.715427,10.098327,1996,7,ZAF
80,16.945354,12.2278805,1996,8,ZAF
81,14.718587,15.908178,1996,9,ZAF
82,47.88327,18.852417,1996,10,ZAF
83,75.551865,19.26078,1996,11,ZAF
84,65.10409,21.966171,1996,12,ZAF
85,74.738106,23.009295,1997,1,ZAF
86,40.84777,22.726208,1997,2,ZAF
87,90.99257,20.486616,1997,3,ZAF
88,32.066917,16.494053,1997,4,ZAF
89,25.714127,13.924164,1997,5,ZAF
90,25.194609,11.497212,1997,6,ZAF
91,10.279182,11.818959,1997,7,ZAF
92,15.461523,14.406134,1997,8,ZAF
93,18.151672,17.696283,1997,9,ZAF
94,34.684574,19.653904,1997,10,ZAF
95,55.31301,20.307436,1997,11,ZAF
96,33.797398,23.060038,1997,12,ZAF
97,73.70279,23.031784,1998,1,ZAF
98,58.575836,23.966358,1998,2,ZAF
99,57.15093,21.898512,1998,3,ZAF
100,20.956505,19.526022,1998,4,ZAF
101,16.854832,14.902974,1998,5,ZAF
102,6.5118957,12.376394,1998,6,ZAF
103,12.21171,12.242007,1998,7,ZAF
104,15.876022,13.991821,1998,8,ZAF
105,17.584015,16.56803,1998,9,ZAF
106,39.35595,18.94907,1998,10,ZAF
107,72.61339,20.592194,1998,11,ZAF
108,76.26896,22.23197,1998,12,ZAF
109,57.47937,24.052418,1999,1,ZAF
110,43.37491,23.923235,1999,2,ZAF
111,37.622677,22.79182,1999,3,ZAF
112,24.918587,19.280668,1999,4,ZAF
113,15.385317,15.115242,1999,5,ZAF
114,8.924907,12.955948,1999,6,ZAF
115,13.204646,12.992193,1999,7,ZAF
116,14.030855,13.942937,1999,8,ZAF
117,17.410967,15.775093,1999,9,ZAF
118,38.400745,19.293495,1999,10,ZAF
119,38.74238,21.958364,1999,11,ZAF
120,99.91747,22.808178,1999,12,ZAF
121,93.808,21.969145,2000,1,ZAF
122,114.51747,23.073235,2000,2,ZAF
123,98.752045,21.497211,2000,3,ZAF
124,40.387917,17.591078,2000,4,ZAF
125,18.024721,13.580297,2000,5,ZAF
126,9.103903,12.543308,2000,6,ZAF
127,10.21803,11.533829,2000,7,ZAF
128,8.116729,14.45948,2000,8,ZAF
129,25.804647,15.564684,2000,9,ZAF
130,35.873047,19.248884,2000,10,ZAF
131,68.12286,20.255575,2000,11,ZAF
132,64.1329,22.376022,2000,12,ZAF
133,37.463383,23.228067,2001,1,ZAF
134,51.754646,22.960781,2001,2,ZAF
135,57.789776,22.048885,2001,3,ZAF
136,54.413013,18.075836,2001,4,ZAF
137,15.904089,15.052231,2001,5,ZAF
138,7.140334,12.537733,2001,6,ZAF
139,18.715612,11.235315,2001,7,ZAF
140,19.665798,13.673235,2001,8,ZAF
141,27.513569,15.556505,2001,9,ZAF
142,52.867474,19.773792,2001,10,ZAF
143,100.51598,20.610409,2001,11,ZAF
144,68.83457,22.066729,2001,12,ZAF
145,69.37286,22.701302,2002,1,ZAF
146,51.204643,23.119888,2002,2,ZAF
147,30.632715,21.970818,2002,3,ZAF
148,31.263754,19.454832,2002,4,ZAF
149,19.465612,14.565799,2002,5,ZAF
150,13.21078,11.331041,2002,6,ZAF
151,18.35762,10.99684,2002,7,ZAF
152,32.52825,13.893496,2002,8,ZAF
153,23.165056,16.746655,2002,9,ZAF
154,23.43829,19.433271,2002,10,ZAF
155,29.922678,20.266357,2002,11,ZAF
156,62.12621,22.92565,2002,12,ZAF
157,53.4329,24.027508,2003,1,ZAF
158,42.32955,24.181042,2003,2,ZAF
159,56.904644,21.934944,2003,3,ZAF
160,25.21041,20.040892,2003,4,ZAF
161,20.823235,15.097026,2003,5,ZAF
162,13.365613,11.848885,2003,6,ZAF
163,7.7226768,11.867101,2003,7,ZAF
164,16.585873,12.336988,2003,8,ZAF
165,19.517473,16.196653,2003,9,ZAF
166,35.23885,19.592564,2003,10,ZAF
167,38.98736,21.565056,2003,11,ZAF
168,40.763756,22.726765,2003,12,ZAF
169,53.88327,22.111153,2004,1,ZAF
170,78.28532,23.813383,2004,2,ZAF
171,59.563942,21.397398,2004,3,ZAF
172,27.245724,18.965242,2004,4,ZAF
173,11.042193,16.358364,2004,5,ZAF
174,13.809665,12.665427,2004,6,ZAF
175,15.9964695,11.207807,2004,7,ZAF
176,17.227509,14.715055,2004,8,ZAF
177,22.442007,15.969332,2004,9,ZAF
178,28.416172,19.637732,2004,10,ZAF
179,26.463568,23.048512,2004,11,ZAF
180,74.75427,23.521748,2004,12,ZAF
181,69.06599,23.913012,2005,1,ZAF
182,61.48643,24.13829,2005,2,ZAF
183,53.04833,21.58959,2005,3,ZAF
184,45.126022,18.086432,2005,4,ZAF
185,14.47435,15.711896,2005,5,ZAF
186,14.416357,12.608922,2005,6,ZAF
187,6.7786245,13.177137,2005,7,ZAF
188,12.499256,14.108549,2005,8,ZAF
189,9.0929365,17.818958,2005,9,ZAF
190,19.297955,19.721376,2005,10,ZAF
191,56.04591,21.394981,2005,11,ZAF
192,56.344795,22.224535,2005,12,ZAF
193,73.12175,23.895353,2006,1,ZAF
194,112.32546,23.514683,2006,2,ZAF
195,63.450184,20.616358,2006,3,ZAF
196,45.143494,18.446096,2006,4,ZAF
197,28.194424,13.541079,2006,5,ZAF
198,11.744052,12.429926,2006,6,ZAF
199,11.82026,12.901487,2006,7,ZAF
200,34.833084,13.136432,2006,8,ZAF
201,13.0416355,17.122492,2006,9,ZAF
202,33.39015,20.023605,2006,10,ZAF
203,53.869892,21.362082,2006,11,ZAF
204,77.65372,22.839777,2006,12,ZAF
205,36.71301,24.131227,2007,1,ZAF
206,23.85093,24.073235,2007,2,ZAF
207,56.761894,22.060966,2007,3,ZAF
208,36.388664,19.561895,2007,4,ZAF
209,22.237732,15.260037,2007,5,ZAF
210,20.032528,12.377138,2007,6,ZAF
211,13.39591,11.833829,2007,7,ZAF
212,12.562453,13.751116,2007,8,ZAF
213,21.17528,17.823048,2007,9,ZAF
214,49.95762,18.836617,2007,10,ZAF
215,59.348328,20.487175,2007,11,ZAF
216,49.48699,22.280298,2007,12,ZAF
217,74.66469,23.621004,2008,1,ZAF
218,41.46078,23.740892,2008,2,ZAF
219,53.405018,21.768959,2008,3,ZAF
220,23.42212,18.019331,2008,4,ZAF
221,13.046654,16.09554,2008,5,ZAF
222,16.161709,12.781599,2008,6,ZAF
223,12.886803,12.469889,2008,7,ZAF
224,12.85632,14.653346,2008,8,ZAF
225,14.880112,15.741821,2008,9,ZAF
226,27.190521,19.28959,2008,10,ZAF
227,69.78661,21.663012,2008,11,ZAF
228,52.882896,23.443123,2008,12,ZAF
229,74.410034,23.702602,2009,1,ZAF
230,91.2526,23.349072,2009,2,ZAF
231,32.719704,21.807436,2009,3,ZAF
232,19.405018,19.736988,2009,4,ZAF
233,14.415985,15.415056,2009,5,ZAF
234,21.048141,12.929553,2009,6,ZAF
235,11.763941,11.877323,2009,7,ZAF
236,12.301859,14.503717,2009,8,ZAF
237,15.5159855,16.744053,2009,9,ZAF
238,48.277695,19.813198,2009,10,ZAF
239,64.30873,20.583828,2009,11,ZAF
240,46.732903,22.57249,2009,12,ZAF
241,118.55089,23.826256,2010,1,ZAF
242,56.442303,24.068882,2010,2,ZAF
243,42.048946,23.076824,2010,3,ZAF
244,34.803566,19.327715,2010,4,ZAF
245,19.65543,16.541977,2010,5,ZAF
246,11.605997,12.42269,2010,6,ZAF
247,8.745867,13.379741,2010,7,ZAF
248,5.510373,14.792221,2010,8,ZAF
249,8.94214,18.091734,2010,9,ZAF
250,25.816854,19.558834,2010,10,ZAF
251,55.989464,21.684116,2010,11,ZAF
252,86.867584,22.913614,2010,12,ZAF
253,103.941,23.72334,2011,1,ZAF
254,78.07618,23.600487,2011,2,ZAF
255,70.253,23.073582,2011,3,ZAF
256,58.66726,18.40227,2011,4,ZAF
257,39.884926,16.98055,2011,5,ZAF
258,32.44198,11.999676,2011,6,ZAF
259,15.430145,11.474069,2011,7,ZAF
260,17.058346,13.921394,2011,8,ZAF
261,5.9388976,17.641167,2011,9,ZAF
262,24.09919,19.266613,2011,10,ZAF
263,46.55575,20.959318,2011,11,ZAF
264,56.879417,22.424635,2011,12,ZAF
265,47.237762,24.747164,2012,1,ZAF
266,66.267746,23.723988,2012,2,ZAF
267,55.912964,22.602917,2012,3,ZAF
268,24.324312,18.524635,2012,4,ZAF
269,4.5058346,15.651701,2012,5,ZAF
270,25.293516,12.527067,2012,6,ZAF
271,20.171474,12.176824,2012,7,ZAF
272,11.233873,13.869692,2012,8,ZAF
273,27.338089,16.217503,2012,9,ZAF
274,67.704056,19.326904,2012,10,ZAF
275,34.8624,21.704052,2012,11,ZAF
276,78.181526,23.088818,2012,12,ZAF
1,190.44528,5.491038,1990,1,GBR
2,206.88774,5.82217,1990,2,GBR
3,109.37311,7.141509,1990,3,GBR
4,73.4533,7.1490564,1990,4,GBR
5,42.52264,11.261793,1990,5,GBR
6,101.40141,12.463679,1990,6,GBR
7,59.520752,15.029245,1990,7,GBR
8,80.74151,15.875943,1990,8,GBR
9,98.33491,11.753774,1990,9,GBR
10,164.6401,10.537264,1990,10,GBR
11,94.67877,6.0443397,1990,11,GBR
12,149.27452,3.932547,1990,12,GBR
13,125.34811,3.0089622,1991,1,GBR
14,79.08537,1.9933962,1991,2,GBR
15,108.18962,6.6872644,1991,3,GBR
16,97.82311,7.0910378,1991,4,GBR
17,26.607548,10.027358,1991,5,GBR
18,101.51981,11.000944,1991,6,GBR
19,80.452354,15.7636795,1991,7,GBR
20,50.83019,15.542925,1991,8,GBR
21,95.2,13.048113,1991,9,GBR
22,125.71887,9.189151,1991,10,GBR
23,161.4349,6.12217,1991,11,GBR
24,94.024055,4.7037735,1991,12,GBR
25,91.826416,3.8509433,1992,1,GBR
26,106.96604,5.0443397,1992,2,GBR
27,143.68254,6.2028303,1992,3,GBR
28,98.76321,7.4778304,1992,4,GBR
29,62.075947,11.77783,1992,5,GBR
30,45.058964,14.1985855,1992,6,GBR
31,96.30235,14.55,1992,7,GBR
32,176.93301,13.844339,1992,8,GBR
33,135.1019,11.842924,1992,9,GBR
34,109.39952,6.9754715,1992,10,GBR
35,181.27264,6.389151,1992,11,GBR
36,121.21792,3.528302,1992,12,GBR
37,200.66792,4.8014154,1993,1,GBR
38,40.462265,4.968868,1993,2,GBR
39,68.65519,5.7023587,1993,3,GBR
40,105.48396,8.18066,1993,4,GBR
41,99.33113,9.981132,1993,5,GBR
42,80.35566,12.982076,1993,6,GBR
43,98.61745,13.6169815,1993,7,GBR
44,67.52217,13.168396,1993,8,GBR
45,99.75425,11.328302,1993,9,GBR
46,103.760376,7.610849,1993,10,GBR
47,90.5217,4.700472,1993,11,GBR
48,211.6868,4.037736,1993,12,GBR
49,173.58018,4.102359,1994,1,GBR
50,100.64953,2.8528302,1994,2,GBR
51,161.72452,5.892453,1994,3,GBR
52,103.668396,6.8688684,1994,4,GBR
53,52.62217,9.326887,1994,5,GBR
54,73.18302,12.726416,1994,6,GBR
55,64.00755,15.662264,1994,7,GBR
56,97.34905,14.260378,1994,8,GBR
57,113.985374,11.648584,1994,9,GBR
58,108.349525,9.178774,1994,10,GBR
59,127.5717,9.011793,1994,11,GBR
60,194.30612,5.550472,1994,12,GBR
61,205.91084,3.8462265,1995,1,GBR
62,155.21179,5.0839624,1995,2,GBR
63,113.56227,4.393868,1995,3,GBR
64,47.9217,7.6023583,1995,4,GBR
65,66.68774,10.101887,1995,5,GBR
66,33.45236,12.938208,1995,6,GBR
67,67.12453,16.21651,1995,7,GBR
68,22.284906,16.866982,1995,8,GBR
69,143.77829,12.471698,1995,9,GBR
70,142.58868,11.695283,1995,10,GBR
71,114.238205,7.2367926,1995,11,GBR
72,90.6783,2.2849057,1995,12,GBR
73,84.784904,4.4632077,1996,1,GBR
74,110.698105,2.6462264,1996,2,GBR
75,61.51415,4.043868,1996,3,GBR
76,84.81226,7.507547,1996,4,GBR
77,72.57689,8.1495285,1996,5,GBR
78,47.46981,12.868868,1996,6,GBR
79,63.507072,14.547641,1996,7,GBR
80,88.376884,14.973585,1996,8,GBR
81,50.16934,12.74434,1996,9,GBR
82,163.75095,10.493868,1996,10,GBR
83,170.83963,5.0273585,1996,11,GBR
84,84.24151,2.9646227,1996,12,GBR
85,34.505188,2.7806604,1997,1,GBR
86,165.63019,5.470283,1997,2,GBR
87,77.96037,7.203302,1997,3,GBR
88,48.634434,8.075,1997,4,GBR
89,96.669815,10.1929245,1997,5,GBR
90,112.26933,12.603773,1997,6,GBR
91,71.5783,15.147641,1997,7,GBR
92,87.51887,16.914623,1997,8,GBR
93,71.751884,12.7419815,1997,9,GBR
94,83.61556,9.588679,1997,10,GBR
95,145.73586,7.9971695,1997,11,GBR
96,156.4665,5.524528,1997,12,GBR
97,164.04575,4.6976414,1998,1,GBR
98,89.18585,6.7136793,1998,2,GBR
99,123.253296,6.754245,1998,3,GBR
100,106.33208,6.7297173,1998,4,GBR
101,43.618397,11.382075,1998,5,GBR
102,120.4684,12.533018,1998,6,GBR
103,105.584435,13.993868,1998,7,GBR
104,83.34905,14.382547,1998,8,GBR
105,95.75707,13.361792,1998,9,GBR
106,203.175,9.220283,1998,10,GBR
107,143.51227,5.648585,1998,11,GBR
108,140.22452,5.115094,1998,12,GBR
109,184.55142,4.603302,1999,1,GBR
110,100.45849,4.2834907,1999,2,GBR
111,99.83632,6.2042456,1999,3,GBR
112,96.172646,8.299056,1999,4,GBR
113,82.59528,11.269812,1999,5,GBR
114,104.474525,12.374056,1999,6,GBR
115,49.748116,15.560849,1999,7,GBR
116,97.31557,14.701414,1999,8,GBR
117,159.73209,14.1603775,1999,9,GBR
118,98.91698,10.001886,1999,10,GBR
119,128.67406,7.0311317,1999,11,GBR
120,218.3717,3.87783,1999,12,GBR
121,102.25519,4.485849,2000,1,GBR
122,144.97548,5.1759434,2000,2,GBR
123,71.31604,6.494811,2000,3,GBR
124,96.64575,6.7622643,2000,4,GBR
125,80.863205,10.775,2000,5,GBR
126,63.65047,12.736793,2000,6,GBR
127,54.15849,14.036792,2000,7,GBR
128,95.44198,15.056132,2000,8,GBR
129,147.48631,13.4155655,2000,9,GBR
130,212.24812,9.4863205,2000,10,GBR
131,192.84103,6.1957545,2000,11,GBR
132,172.08727,4.9485846,2000,12,GBR
133,90.635376,3.2773585,2001,1,GBR
134,110.73915,3.5759435,2001,2,GBR
135,89.363205,4.3231134,2001,3,GBR
136,87.14858,6.7146225,2001,4,GBR
137,46.970284,11.213207,2001,5,GBR
138,61.444344,12.432547,2001,6,GBR
139,83.77877,14.902359,2001,7,GBR
140,111.992455,14.931604,2001,8,GBR
141,103.46132,12.302359,2001,9,GBR
142,176.33963,12.167453,2001,10,GBR
143,105.58113,7.0113206,2001,11,GBR
144,89.84151,3.6570754,2001,12,GBR
145,146.00803,5.434434,2002,1,GBR
146,163.8283,5.601415,2002,2,GBR
147,82.78632,6.418396,2002,3,GBR
148,76.34198,8.212736,2002,4,GBR
149,99.29245,10.770283,2002,5,GBR
150,95.67028,13.171698,2002,6,GBR
151,105.09104,14.178774,2002,7,GBR
152,83.92689,15.322641,2002,8,GBR
153,48.662266,13.177359,2002,9,GBR
154,172.90471,8.941509,2002,10,GBR
155,196.88773,7.820283,2002,11,GBR
156,112.87358,5.100472,2002,12,GBR
157,123.14433,4.031604,2003,1,GBR
158,55.401886,3.9226413,2003,2,GBR
159,65.807076,6.7764153,2003,3,GBR
160,52.639626,8.941981,2003,4,GBR
161,99.63019,10.640094,2003,5,GBR
162,73.735855,14.403302,2003,6,GBR
163,84.51934,16.046227,2003,7,GBR
164,32.643394,16.26415,2003,8,GBR
165,73.90802,13.043867,2003,9,GBR
166,85.87736,8.463207,2003,10,GBR
167,141.32877,7.637736,2003,11,GBR
168,128.22217,4.7066035,2003,12,GBR
169,166.19388,4.586321,2004,1,GBR
170,73.33066,4.475,2004,2,GBR
171,74.42783,5.80283,2004,3,GBR
172,96.33066,8.478302,2004,4,GBR
173,47.30566,10.926415,2004,5,GBR
174,82.65896,13.825,2004,6,GBR
175,73.57877,14.325,2004,7,GBR
176,156.76273,15.919339,2004,8,GBR
177,121.702354,13.42217,2004,9,GBR
178,178.75896,9.5245285,2004,10,GBR
179,86.58537,7.2962265,2004,11,GBR
180,116.65094,5.334434,2004,12,GBR
181,132.6066,5.53066,2005,1,GBR
182,82.38207,3.875,2005,2,GBR
183,81.284904,6.4415092,2005,3,GBR
184,97.22783,7.947642,2005,4,GBR
185,81.65236,9.8778305,2005,5,GBR
186,78.40802,13.815094,2005,6,GBR
187,69.526886,15.031133,2005,7,GBR
188,93.39528,14.683963,2005,8,GBR
189,103.870285,13.558019,2005,9,GBR
190,172.9651,11.511793,2005,10,GBR
191,116.32406,6.021698,2005,11,GBR
192,96.567924,4.791509,2005,12,GBR
193,62.802357,4.3268867,2006,1,GBR
194,74.13726,3.9566035,2006,2,GBR
195,123.054245,4.0650945,2006,3,GBR
196,69.93821,7.3320756,2006,4,GBR
197,112.38396,10.467924,2006,5,GBR
198,44.99528,14.145284,2006,6,GBR
199,59.68632,17.148113,2006,7,GBR
200,89.15802,14.963679,2006,8,GBR
201,115.202835,14.874057,2006,9,GBR
202,168.53726,11.808491,2006,10,GBR
203,156.80093,7.535849,2006,11,GBR
204,174.61086,5.853302,2006,12,GBR
205,153.01933,5.8707547,2007,1,GBR
206,118.69198,5.4226413,2007,2,GBR
207,90.768394,6.431604,2007,3,GBR
208,29.984905,9.908962,2007,4,GBR
209,104.92783,10.595283,2007,5,GBR
210,103.647644,13.564623,2007,6,GBR
211,128.95284,14.268396,2007,7,GBR
212,100.080185,14.317453,2007,8,GBR
213,75.24717,12.579718,2007,9,GBR
214,70.3434,10.522169,2007,10,GBR
215,120.333496,7.1334906,2007,11,GBR
216,124.797165,4.84434,2007,12,GBR
217,198.92264,5.345283,2008,1,GBR
218,81.15047,5.1915092,2008,2,GBR
219,128.8783,5.264151,2008,3,GBR
220,82.172646,7.139151,2008,4,GBR
221,47.990566,12.066981,2008,5,GBR
222,98.36274,12.924528,2008,6,GBR
223,108.19717,15.200472,2008,7,GBR
224,147.1099,15.120755,2008,8,GBR
225,108.56981,12.490094,2008,9,GBR
226,175.15094,8.866037,2008,10,GBR
227,113.554245,6.4882073,2008,11,GBR
228,102.23915,3.6882076,2008,12,GBR
229,134.09859,3.4292455,2009,1,GBR
230,75.426414,3.9698112,2009,2,GBR
231,82.19245,6.192453,2009,3,GBR
232,75.69623,8.747642,2009,4,GBR
233,85.29104,10.904717,2009,5,GBR
234,60.123585,13.707547,2009,6,GBR
235,134.50519,15.269339,2009,7,GBR
236,139.13113,15.2580185,2009,8,GBR
237,79.24858,13.100943,2009,9,GBR
238,134.77075,10.542925,2009,10,GBR
239,240.90329,7.557547,2009,11,GBR
240,127.639626,3.0367923,2009,12,GBR
241,92.77634,1.6,2010,1,GBR
242,89.60446,2.2017856,2010,2,GBR
243,92.95714,5.3160715,2010,3,GBR
244,53.254463,7.859375,2010,4,GBR
245,57.41964,9.757143,2010,5,GBR
246,43.43527,14.020983,2010,6,GBR
247,134.08035,15.423215,2010,7,GBR
248,92.08571,14.257589,2010,8,GBR
249,129.01741,12.90625,2010,9,GBR
250,108.04866,9.775446,2010,10,GBR
251,135.27545,4.7870536,2010,11,GBR
252,60.070087,0.571875,2010,12,GBR
253,109.07411,3.4138393,2011,1,GBR
254,124.314285,5.4629464,2011,2,GBR
255,67.70357,5.889732,2011,3,GBR
256,41.70848,9.733929,2011,4,GBR
257,103.15714,11.104017,2011,5,GBR
258,93.59107,12.6839285,2011,6,GBR
259,77.33348,14.029465,2011,7,GBR
260,112.04911,14.059375,2011,8,GBR
261,121.650894,13.678572,2011,9,GBR
262,136.95938,11.161608,2011,10,GBR
263,103.47768,8.930357,2011,11,GBR
264,181.94553,5.158929,2011,12,GBR
265,121.61027,4.84375,2012,1,GBR
266,65.84866,4.7026787,2012,2,GBR
267,41.787056,7.816518,2012,3,GBR
268,123.83437,6.5723214,2012,4,GBR
269,66.23973,10.345536,2012,5,GBR
270,147.1317,12.266518,2012,6,GBR
271,115.28438,13.858482,2012,7,GBR
272,117.796425,15.190178,2012,8,GBR
273,128.7299,11.952679,2012,9,GBR
274,146.09554,8.58125,2012,10,GBR
275,155.30223,6.1955357,2012,11,GBR
276,191.52365,4.3736606,2012,12,GBR
1,58.1799,-3.6060212,1990,1,USA
2,52.637653,-4.99998,1990,2,USA
3,54.32498,1.9631001,1990,3,USA
4,47.02809,7.4849677,1990,4,USA
5,72.933014,12.171074,1990,5,USA
6,58.595345,17.842678,1990,6,USA
7,67.340416,19.992453,1990,7,USA
8,69.59841,19.149654,1990,8,USA
9,56.80962,15.415846,1990,9,USA
10,63.01894,7.811351,1990,10,USA
11,49.241295,0.82164365,1990,11,USA
12,60.013184,-5.346542,1990,12,USA
13,48.318146,-5.7270546,1991,1,USA
14,38.00533,-1.5747763,1991,2,USA
15,67.44746,0.91718876,1991,3,USA
16,64.22787,7.07856,1991,4,USA
17,72.41117,13.239484,1991,5,USA
18,61.249836,17.586676,1991,6,USA
19,66.74127,19.74884,1991,7,USA
20,66.5605,19.00301,1991,8,USA
21,63.448395,14.9151945,1991,9,USA
22,51.415154,8.284011,1991,10,USA
23,53.73523,-0.5551871,1991,11,USA
24,58.3107,-2.9120831,1991,12,USA
25,47.850773,-3.7663956,1992,1,USA
26,47.342514,-2.1513019,1992,2,USA
27,53.27935,1.5315297,1992,3,USA
28,40.79036,6.319345,1992,4,USA
29,51.275673,11.851749,1992,5,USA
30,71.26521,16.733524,1992,6,USA
31,81.41076,18.955635,1992,7,USA
32,73.99602,17.805105,1992,8,USA
33,58.938305,13.52323,1992,9,USA
34,39.951588,7.336595,1992,10,USA
35,68.419815,0.2807364,1992,11,USA
36,60.275043,-4.8042107,1992,12,USA
37,63.024467,-5.5711756,1993,1,USA
38,43.52852,-4.24821,1993,2,USA
39,55.655083,0.8224573,1993,3,USA
40,55.293434,6.566518,1993,4,USA
41,58.8013,12.940846,1993,5,USA
42,77.40962,16.799492,1993,6,USA
43,63.190052,19.72974,1993,7,USA
44,70.54317,18.713263,1993,8,USA
45,68.84261,13.732344,1993,9,USA
46,54.655937,8.132954,1993,10,USA
47,50.5894,0.1247559,1993,11,USA
48,47.04119,-2.549878,1993,12,USA
49,48.982323,-5.396359,1994,1,USA
50,42.627113,-4.7803907,1994,2,USA
51,54.04595,0.9368389,1994,3,USA
52,54.117615,7.0350695,1994,4,USA
53,50.228558,12.709846,1994,5,USA
54,64.943634,17.971766,1994,6,USA
55,70.18413,20.013874,1994,7,USA
56,66.80608,19.147436,1994,8,USA
57,55.532665,14.810028,1994,9,USA
58,58.000732,7.7530313,1994,10,USA
59,62.157448,0.26342553,1994,11,USA
60,49.382607,-3.0334418,1994,12,USA
61,56.193916,-4.133218,1995,1,USA
62,35.28499,-2.1319366,1995,2,USA
63,50.66483,0.16427991,1995,3,USA
64,52.45293,6.398983,1995,4,USA
65,74.28745,12.300305,1995,5,USA
66,65.07966,16.924633,1995,6,USA
67,66.15818,19.93098,1995,7,USA
68,65.67126,19.665318,1995,8,USA
69,56.05517,15.252115,1995,9,USA
70,56.742737,8.362754,1995,10,USA
71,48.22097,0.15693654,1995,11,USA
72,45.784256,-3.8566113,1995,12,USA
73,50.266415,-6.535863,1996,1,USA
74,41.552525,-3.4350083,1996,2,USA
75,47.461838,-0.08260781,1996,3,USA
76,52.116783,5.892392,1996,4,USA
77,59.582726,12.606774,1996,5,USA
78,65.044304,17.645727,1996,6,USA
79,70.30911,19.845911,1996,7,USA
80,62.571156,18.667189,1996,8,USA
81,73.713524,13.710028,1996,9,USA
82,54.014668,6.739667,1996,10,USA
83,57.48411,-0.36649716,1996,11,USA
84,59.464405,-4.292636,1996,12,USA
85,50.47738,-6.1977625,1997,1,USA
86,45.47443,-1.8472742,1997,2,USA
87,50.319855,0.5090724,1997,3,USA
88,58.501972,4.690256,1997,4,USA
89,57.06436,11.916314,1997,5,USA
90,69.144424,17.15649,1997,6,USA
91,61.256084,19.65122,1997,7,USA
92,68.19066,18.844448,1997,8,USA
93,59.75421,15.602115,1997,9,USA
94,53.387775,7.1516676,1997,10,USA
95,54.890175,1.0141985,1997,11,USA
96,51.774513,-3.863507,1997,12,USA
97,64.467125,-3.8557568,1998,1,USA
98,56.784523,-1.2739218,1998,2,USA
99,62.985435,1.1871847,1998,3,USA
100,50.189972,7.051343,1998,4,USA
101,51.703682,13.217839,1998,5,USA
102,76.809296,16.86198,1998,6,USA
103,67.74457,20.465439,1998,7,USA
104,67.25791,19.217047,1998,8,USA
105,67.09638,16.232952,1998,9,USA
106,55.656086,8.498149,1998,10,USA
107,51.05647,2.2371848,1998,11,USA
108,43.161655,-3.2875304,1998,12,USA
109,62.203846,-5.1984744,1999,1,USA
110,38.260475,-2.8352523,1999,2,USA
111,44.40496,0.04637917,1999,3,USA
112,53.057953,5.914585,1999,4,USA
113,56.905632,11.781488,1999,5,USA
114,71.9047,16.953926,1999,6,USA
115,63.089344,19.842373,1999,7,USA
116,60.638386,19.132648,1999,8,USA
117,67.05246,14.2679615,1999,9,USA
118,44.898148,7.5988817,1999,10,USA
119,39.308605,2.3117576,1999,11,USA
120,44.574856,-3.901139,1999,12,USA
121,46.84943,-4.8341336,2000,1,USA
122,40.20348,-0.21694466,2000,2,USA
123,47.4096,2.382201,2000,3,USA
124,48.716393,6.440154,2000,4,USA
125,56.216698,12.568877,2000,5,USA
126,72.04532,17.111513,2000,6,USA
127,66.54272,19.48336,2000,7,USA
128,56.819733,19.004658,2000,8,USA
129,62.272236,14.358645,2000,9,USA
130,49.588142,8.137388,2000,10,USA
131,60.993877,-0.28783566,2000,11,USA
132,38.915115,-4.9680023,2000,12,USA
133,42.019264,-3.535598,2001,1,USA
134,42.664665,-2.7158055,2001,2,USA
135,52.826668,0.029719284,2001,3,USA
136,40.754883,6.9443655,2001,4,USA
137,57.111187,12.249918,2001,5,USA
138,65.99536,17.37913,2001,6,USA
139,68.54211,19.850935,2001,7,USA
140,64.30319,19.52608,2001,8,USA
141,59.930717,14.989199,2001,9,USA
142,53.061657,7.3353744,2001,10,USA
143,49.475365,2.3511798,2001,11,USA
144,46.79994,-3.5404599,2001,12,USA
145,43.920708,-3.0003865,2002,1,USA
146,30.96668,-2.602319,2002,2,USA
147,50.90464,-0.4254272,2002,3,USA
148,49.07693,6.3484945,2002,4,USA
149,53.281086,11.937754,2002,5,USA
150,61.84715,17.832527,2002,6,USA
151,58.29953,20.588507,2002,7,USA
152,65.140396,18.80718,2002,8,USA
153,67.67392,15.563792,2002,9,USA
154,66.99724,7.6536,2002,10,USA
155,44.618755,2.19345,2002,11,USA
156,61.61611,-1.8926973,2002,12,USA
157,30.194834,-3.8850486,2003,1,USA
158,46.13326,-3.0210943,2003,2,USA
159,49.172802,0.64558583,2003,3,USA
160,50.617027,6.831164,2003,4,USA
161,64.16758,12.299471,2003,5,USA
162,83.12102,17.03338,2003,6,USA
163,65.80401,20.499004,2003,7,USA
164,68.43373,19.754353,2003,8,USA
165,64.60948,14.373149,2003,9,USA
166,46.455128,9.624777,2003,10,USA
167,52.295605,1.2688771,2003,11,USA
168,53.55246,-3.1610253,2003,12,USA
169,44.177624,-6.3700366,2004,1,USA
170,49.45486,-3.4156632,2004,2,USA
171,45.634457,1.9915988,2004,3,USA
172,51.832527,7.2384863,2004,4,USA
173,65.32038,13.381773,2004,5,USA
174,77.18843,17.48576,2004,6,USA
175,71.878235,20.042109,2004,7,USA
176,67.326485,18.726343,2004,8,USA
177,70.77321,14.64286,2004,9,USA
178,72.37964,9.059744,2004,10,USA
179,69.62367,2.0570993,2004,11,USA
180,52.627605,-2.8072822,2004,12,USA
181,49.530983,-4.33155,2005,1,USA
182,45.249207,-2.0759358,2005,2,USA
183,50.841743,1.3269122,2005,3,USA
184,49.7856,6.558259,2005,4,USA
185,55.624653,12.578539,2005,5,USA
186,67.78645,17.731998,2005,6,USA
187,67.16831,20.593143,2005,7,USA
188,74.27262,19.568531,2005,8,USA
189,58.543312,15.927542,2005,9,USA
190,53.661144,8.823535,2005,10,USA
191,51.11723,0.7975997,2005,11,USA
192,52.51845,-3.2052484,2005,12,USA
193,52.899555,-2.9681854,2006,1,USA
194,37.81147,-2.4193857,2006,2,USA
195,46.756386,0.10947925,2006,3,USA
196,51.049553,7.280126,2006,4,USA
197,51.138363,13.179922,2006,5,USA
198,62.468697,17.963488,2006,6,USA
199,64.393776,20.931835,2006,7,USA
200,75.303764,19.033014,2006,8,USA
201,69.98684,14.453967,2006,9,USA
202,60.151203,8.239646,2006,10,USA
203,54.628094,1.00476,2006,11,USA
204,52.019875,-2.170891,2006,12,USA
205,47.428417,-5.161066,2007,1,USA
206,36.78981,-4.307893,2007,2,USA
207,43.45879,0.8754271,2007,3,USA
208,50.386066,6.6469283,2007,4,USA
209,56.52012,13.015643,2007,5,USA
210,63.398552,17.77435,2007,6,USA
211,68.94615,20.584234,2007,7,USA
212,60.23765,20.239199,2007,8,USA
213,63.415016,15.732527,2007,9,USA
214,62.69121,9.161493,2007,10,USA
215,39.71235,2.4660294,2007,11,USA
216,58.37329,-3.3541703,2007,12,USA
217,48.95423,-5.7588487,2008,1,USA
218,48.879353,-4.0355573,2008,2,USA
219,51.795605,0.24707079,2008,3,USA
220,51.407726,5.9192433,2008,4,USA
221,63.05736,11.993816,2008,5,USA
222,70.26985,17.364138,2008,6,USA
223,73.28277,19.810293,2008,7,USA
224,68.89562,18.773678,2008,8,USA
225,66.33082,14.890317,2008,9,USA
226,48.829292,7.278886,2008,10,USA
227,45.449898,1.0480878,2008,11,USA
228,60.893005,-4.306794,2008,12,USA
229,39.613243,-5.893348,2009,1,USA
230,35.342697,-2.8478236,2009,2,USA
231,53.620564,0.04357201,2009,3,USA
232,51.542656,6.02144,2009,4,USA
233,60.931324,12.905452,2009,5,USA
234,63.42636,17.125286,2009,6,USA
235,63.743164,19.777258,2009,7,USA
236,63.966724,18.656284,2009,8,USA
237,65.43315,15.397905,2009,9,USA
238,80.56578,7.195301,2009,10,USA
239,40.82854,1.6789057,2009,11,USA
240,63.024433,-4.835456,2009,12,USA
241,53.226276,-5.5933785,2010,1,USA
242,41.80877,-3.8179212,2010,2,USA
243,48.08902,0.9171854,2010,3,USA
244,46.61592,7.3721375,2010,4,USA
245,61.904583,12.336201,2010,5,USA
246,78.97515,17.522732,2010,6,USA
247,78.76665,19.910017,2010,7,USA
248,63.469494,19.687815,2010,8,USA
249,69.28221,15.211393,2010,9,USA
250,50.26746,9.035483,2010,10,USA
251,53.308887,1.4530089,2010,11,USA
252,53.947063,-5.125241,2010,12,USA
253,44.111397,-5.5289,2011,1,USA
254,48.977043,-4.0734015,2011,2,USA
255,56.927258,0.5486134,2011,3,USA
256,61.541748,6.2727222,2011,4,USA
257,68.90154,12.03256,2011,5,USA
258,62.334747,17.410091,2011,6,USA
259,67.16316,20.475325,2011,7,USA
260,68.90941,19.63522,2011,8,USA
261,62.551197,15.237577,2011,9,USA
262,54.53554,8.923316,2011,10,USA
263,58.622936,0.46751556,2011,11,USA
264,55.678,-2.5332956,2011,12,USA
265,49.958405,-5.3926053,2012,1,USA
266,44.79832,-1.4349179,2012,2,USA
267,58.706017,2.3908508,2012,3,USA
268,48.91688,7.7038865,2012,4,USA
269,55.447746,13.026486,2012,5,USA
270,60.978382,17.858328,2012,6,USA
271,68.74629,20.791323,2012,7,USA
272,63.622032,19.376268,2012,8,USA
273,68.51503,14.936351,2012,9,USA
274,56.65069,7.797812,2012,10,USA
275,38.689663,1.834069,2012,11,USA
276,60.449688,-3.6135635,2012,12,USA
